userId,tmdbId,rating
1,807,5.0
1,629,5.0
1,197,4.0
1,11,5.0
1,680,3.0
1,13,4.0
1,954,3.0
1,15,5.0
1,500,5.0
1,769,5.0
1,348,4.0
1,600,5.0
1,694,3.0
1,607,3.0
1,115,5.0
1,1366,5.0
1,857,4.0
1,2109,4.0
1,603,5.0
1,14,5.0
1,550,5.0
1,492,4.0
1,497,5.0
1,98,5.0
2,278,3.0
2,98,4.0
2,24,4.0
2,1422,4.0
2,155,4.5
2,16869,4.5
2,11324,4.0
2,27205,4.0
2,49026,3.5
2,157336,3.0
2,244786,4.0
2,154400,2.0
2,76341,5.0
4,807,2.0
4,11,5.0
4,680,1.0
4,954,3.0
4,769,4.0
4,33,4.0
4,607,3.0
4,115,4.0
4,603,1.0
4,745,4.0
4,14,5.0
4,550,2.0
4,492,4.0
5,629,4.0
5,197,4.0
5,680,5.0
5,278,3.0
5,280,3.0
6,807,4.0
6,629,1.0
6,197,5.0
6,1572,3.0
6,101,3.0
6,680,2.0
6,278,5.0
6,13,5.0
6,280,3.0
7,629,4.5
7,1572,4.0
7,11,5.0
7,13,5.0
7,280,2.5
7,954,4.0
7,207,1.5
7,1366,4.5
7,745,4.5
7,14,4.0
7,98,1.5
7,955,1.0
7,808,4.0
7,585,4.0
7,120,4.5
7,557,3.5
7,121,4.5
7,640,4.0
7,604,4.0
7,22,4.5
7,809,3.5
7,2502,3.5
7,272,2.0
7,1422,1.0
7,36557,4.5
8,807,4.0
8,629,5.0
8,197,3.0
8,680,4.0
8,278,5.0
8,13,3.0
9,15,5.0
9,120,5.0
9,121,5.0
10,680,1.0
10,13,3.5
10,603,0.5
10,745,0.5
10,14,1.0
10,550,0.5
10,98,4.0
10,808,4.5
10,120,4.0
10,121,4.0
10,12,3.5
10,652,5.0
10,2502,3.5
10,272,5.0
10,36557,5.0
10,155,4.5
10,10764,3.5
10,767,3.0
10,19995,2.5
10,10528,3.0
10,49026,5.0
10,62177,4.0
10,37724,5.0
10,157336,0.5
10,257211,5.0
11,197,5.0
11,1572,3.0
11,278,4.0
11,13,5.0
11,280,4.0
11,954,4.0
11,857,5.0
13,807,5.0
13,603,5.0
13,9532,2.0
13,98,5.0
13,9679,3.0
14,807,5.0
14,197,5.0
14,680,3.0
14,278,3.0
14,13,4.0
15,807,3.5
15,11,5.0
15,101,3.0
15,680,4.0
15,278,5.0
15,13,5.0
15,280,5.0
15,238,4.0
15,679,5.0
15,348,5.0
15,857,3.5
15,603,4.0
15,745,3.0
15,14,4.0
15,550,2.5
15,497,5.0
15,98,5.0
15,808,3.0
15,585,3.5
15,120,3.5
15,121,3.5
15,640,5.0
15,12,3.0
15,24,3.0
15,1954,3.5
15,809,2.5
15,9693,3.0
15,2062,3.0
15,6479,3.5
15,155,2.0
15,1726,2.0
15,13223,4.0
15,19995,3.0
15,27205,3.5
15,24428,2.0
15,49026,2.0
15,70981,3.0
15,72190,3.5
15,157336,4.0
15,210577,4.5
15,198184,2.5
15,76341,2.0
15,140607,5.0
15,293660,2.0
15,284052,2.0
15,286217,4.0
16,807,3.5
16,629,4.0
16,103,4.5
16,11,3.0
16,101,4.0
16,680,3.0
16,278,4.0
16,13,3.5
16,78,4.5
16,238,2.5
16,15,3.5
16,500,4.0
16,769,3.5
16,348,4.0
16,600,4.5
16,603,3.5
16,745,3.5
16,14,3.5
16,550,3.5
16,120,3.5
16,121,3.5
16,38,3.5
16,155,4.5
16,27205,3.0
16,49026,4.5
17,807,4.0
17,629,4.5
17,197,4.5
17,103,4.0
17,11,5.0
17,101,3.5
17,680,5.0
17,278,5.0
17,13,5.0
17,78,3.5
17,280,4.5
17,238,5.0
17,562,4.0
17,500,4.0
17,769,4.5
17,240,4.5
17,600,4.5
17,694,4.0
17,115,5.0
17,857,4.5
17,117,4.0
17,603,5.0
17,745,4.0
17,14,4.0
17,550,4.5
17,497,4.5
17,120,4.5
17,121,5.0
17,598,4.5
17,272,4.0
17,1422,4.0
17,155,4.5
17,16869,4.0
17,27205,4.5
17,37799,4.0
18,807,4.5
18,629,5.0
18,197,4.5
18,103,4.0
18,1572,4.0
18,11,4.0
18,101,4.5
18,680,4.0
18,278,5.0
18,13,4.5
18,78,4.0
18,280,4.5
18,954,3.0
18,627,4.5
18,238,4.0
18,15,5.0
18,562,4.0
18,500,4.0
18,769,4.5
18,348,4.0
18,240,5.0
18,600,4.5
18,207,4.0
18,607,3.5
18,115,4.5
18,1366,4.0
18,857,4.0
18,117,3.5
18,603,4.5
18,745,4.5
18,550,4.5
18,492,4.0
18,497,4.0
18,98,4.5
18,808,4.0
18,585,4.0
18,120,4.5
18,557,4.0
18,2501,4.0
18,121,3.5
18,640,4.0
18,423,4.5
18,604,3.5
18,12,4.0
18,22,4.5
18,24,3.5
18,587,4.5
18,1954,4.5
18,38,4.0
18,809,3.5
18,2502,4.0
18,272,4.5
18,58,4.0
18,1422,4.5
18,2062,3.5
18,285,3.5
18,1571,3.0
18,155,4.0
18,1726,4.0
18,13223,3.5
18,4922,3.5
18,16869,3.5
18,19995,4.0
18,10528,4.5
18,20504,3.5
18,11324,4.5
18,10138,4.0
18,27205,4.5
18,10195,3.5
18,24428,4.0
18,49026,4.0
18,72105,2.5
18,68721,3.5
18,146233,3.0
18,76338,3.5
18,157336,4.5
18,194662,3.5
18,244786,4.5
18,154400,3.5
18,205596,4.5
18,131631,3.5
18,140607,4.0
18,99861,3.5
18,102899,4.0
18,293660,3.5
18,283995,4.0
18,271110,3.0
18,286217,4.5
18,329865,3.0
18,263115,4.0
19,807,3.0
19,1572,3.0
19,11,4.0
19,101,4.0
19,13,2.0
19,78,4.0
19,280,5.0
19,954,3.0
19,500,3.0
19,679,3.0
19,348,4.0
19,694,2.0
19,607,2.0
19,115,3.0
19,9535,2.0
19,603,4.0
19,745,4.0
19,14,4.0
19,550,5.0
19,492,4.0
19,9532,2.0
19,98,3.0
19,955,2.0
19,9679,2.0
20,98,4.5
20,955,3.0
20,808,5.0
20,585,4.0
20,120,5.0
20,557,3.0
20,2501,3.0
20,121,5.0
20,640,4.5
20,604,4.0
21,1572,3.5
21,11,4.5
21,101,3.0
21,680,3.5
21,13,4.5
21,78,3.5
21,280,3.5
21,954,4.5
21,238,2.5
21,562,3.5
21,679,2.0
21,348,1.5
21,240,2.5
21,607,4.5
21,2109,3.5
21,603,4.0
21,745,0.5
21,14,2.0
21,550,2.0
21,98,2.5
21,955,4.0
21,808,4.0
21,5175,3.5
21,585,3.5
21,120,1.5
21,557,3.0
21,2501,4.0
21,121,2.0
21,640,3.5
21,604,3.5
21,22,4.0
21,24,1.5
21,809,4.0
21,2502,4.0
21,272,3.5
21,591,3.5
21,36557,4.0
21,2062,3.5
21,285,4.0
21,1571,3.0
21,155,3.5
21,1726,4.0
21,10764,3.5
21,767,4.0
21,19995,4.0
21,10528,2.5
21,20504,3.5
21,10138,4.0
21,27205,3.5
21,37799,3.0
21,12444,3.0
21,12445,4.0
21,24428,4.0
21,49026,3.5
21,76493,4.0
21,62177,3.5
21,72105,3.5
21,37724,4.0
21,68721,3.5
21,76203,2.0
21,76338,3.5
21,157336,3.0
21,198663,3.5
21,177572,4.0
21,205596,2.5
21,131631,3.5
21,227159,3.5
21,270946,3.0
21,228967,0.5
21,181533,3.5
21,286532,2.0
21,76341,3.5
21,140607,4.0
21,99861,3.5
21,102899,3.5
21,293660,3.5
21,284052,4.0
21,256961,2.5
21,254470,3.0
21,271718,2.5
21,214756,0.5
21,307081,0.5
21,329865,4.0
21,263115,3.0
22,278,5.0
22,13,5.0
22,78,5.0
22,238,3.0
22,550,3.5
22,98,4.0
22,808,3.0
22,585,3.5
22,120,1.0
22,2501,3.5
22,12,3.5
22,22,2.5
22,153,4.0
22,24,4.0
22,587,0.5
22,38,3.5
22,272,2.5
22,1422,2.5
22,36557,5.0
22,2062,1.5
22,155,3.0
22,1726,0.5
22,16869,4.0
22,19995,3.5
23,629,4.0
23,101,4.0
23,680,3.5
23,78,5.0
23,627,4.0
23,238,3.5
23,15,4.0
23,562,3.0
23,500,4.0
23,679,3.0
23,769,3.0
23,348,4.0
23,240,3.5
23,600,5.0
23,694,5.0
23,33,4.0
23,117,3.0
23,24,3.0
24,629,4.0
24,1572,3.5
24,680,4.0
24,278,4.5
24,13,4.5
24,207,4.0
24,607,4.0
24,857,4.0
24,2109,3.5
24,603,4.0
24,497,4.5
24,98,4.0
24,5175,3.5
24,2501,4.0
24,561,3.0
24,36557,3.5
24,155,4.0
24,10764,3.0
24,4922,4.0
24,16869,3.0
24,27205,4.0
24,49026,4.0
24,37724,3.5
24,140607,3.5
24,286217,4.0
24,271718,2.5
25,11,5.0
25,857,5.0
25,603,5.0
25,98,5.0
25,120,5.0
25,121,5.0
25,155,5.0
25,1726,4.0
25,16869,5.0
25,11324,4.5
25,27205,5.0
25,49026,5.0
25,205596,5.0
25,299536,5.0
25,335984,4.0
26,807,4.0
26,1572,4.0
26,680,4.0
26,13,3.0
27,11,4.0
27,13,5.0
27,954,4.0
27,679,1.0
27,600,1.0
27,607,3.0
28,807,3.0
28,629,3.5
28,197,3.5
28,11,4.0
28,101,4.5
28,680,4.5
28,278,3.5
28,13,4.0
28,1607,2.5
28,78,4.0
28,280,4.5
28,627,3.5
28,238,4.5
28,562,2.0
28,500,3.0
28,679,4.0
28,769,4.0
28,348,3.5
28,240,4.0
28,600,4.0
28,33,4.5
28,607,3.0
28,115,4.0
28,857,3.5
28,117,3.5
28,9535,1.5
28,603,4.0
28,745,3.0
28,14,4.0
28,550,3.5
28,492,2.5
28,497,2.5
28,98,4.0
28,120,3.0
28,557,3.5
28,2501,3.5
28,121,3.5
28,640,3.5
28,423,3.0
28,604,3.5
28,22,2.0
28,153,2.5
28,24,4.0
28,38,2.5
28,652,4.0
28,2502,3.5
28,272,4.5
28,254,2.5
28,1422,2.5
28,9693,3.0
28,36557,3.5
28,1372,4.5
28,1571,2.5
28,6479,4.0
28,155,3.5
28,1726,4.5
28,10764,3.0
28,13223,4.0
28,4922,4.5
28,19995,5.0
29,629,3.5
29,1572,4.0
29,680,3.5
29,278,4.5
29,13,4.5
29,238,4.5
29,769,4.0
29,600,4.0
29,857,5.0
29,98,5.0
29,423,5.0
29,1422,4.5
29,9693,4.5
29,6479,4.0
30,197,5.0
30,11,5.0
30,278,5.0
30,280,3.5
30,562,4.0
30,679,3.0
30,603,5.0
30,120,5.0
30,121,5.0
30,272,5.0
30,155,5.0
30,1726,5.0
30,27205,5.0
30,49026,5.0
30,157336,5.0
30,177572,5.0
30,131631,4.0
30,293660,5.0
31,1572,4.0
31,954,5.0
31,562,5.0
31,679,3.0
31,348,4.0
31,207,3.0
32,629,5.0
32,11,5.0
32,680,5.0
32,278,5.0
32,954,3.0
32,562,5.0
33,629,5.0
33,197,5.0
33,101,4.0
33,680,5.0
33,278,4.0
33,13,5.0
33,1607,5.0
33,280,4.0
33,627,4.0
33,769,3.0
33,607,3.0
33,4995,5.0
33,857,5.0
33,9535,4.0
33,603,5.0
33,745,4.0
34,197,0.5
34,278,4.0
34,13,4.0
34,280,3.5
34,562,2.5
34,607,2.5
34,2109,5.0
34,603,3.0
34,745,3.0
34,550,4.0
34,9679,4.5
34,808,3.5
34,557,5.0
34,121,1.0
34,22,5.0
34,153,5.0
34,24,5.0
35,629,5.0
36,278,4.0
36,600,2.5
36,117,2.5
37,1572,5.0
37,680,5.0
37,278,4.0
37,13,4.0
38,629,5.0
38,197,5.0
38,680,3.0
38,278,5.0
38,13,3.0
38,954,4.0
39,807,3.0
39,629,5.0
39,11,5.0
39,680,5.0
39,280,4.0
39,238,4.0
39,562,4.0
39,500,5.0
39,679,5.0
39,769,4.0
39,348,5.0
39,240,5.0
39,694,5.0
39,1366,2.0
39,603,5.0
39,745,5.0
39,14,5.0
39,492,5.0
40,197,4.0
40,103,5.0
40,1572,4.0
40,680,5.0
40,278,5.0
41,807,3.5
41,629,3.0
41,103,2.0
41,101,4.0
41,680,5.0
41,13,2.0
41,78,2.0
41,627,4.0
41,500,2.0
41,679,2.0
41,769,2.0
41,348,0.5
41,600,2.0
41,694,5.0
41,115,4.0
41,857,2.0
41,603,2.0
41,14,4.0
41,550,4.0
41,98,4.0
41,808,3.0
41,2501,2.0
41,121,2.0
41,640,4.0
41,423,4.0
41,598,4.0
41,12,4.0
41,22,3.0
41,153,3.5
41,24,5.0
41,38,4.0
41,1422,3.5
41,1372,4.0
41,2062,4.0
41,675,0.5
41,16869,4.0
41,27205,0.5
41,49026,1.0
41,146233,5.0
41,194662,3.0
41,85350,3.5
41,244786,4.0
41,210577,3.0
41,242582,4.0
41,76341,2.5
41,293660,0.5
41,257211,3.5
42,807,4.0
42,629,5.0
42,197,4.0
42,1572,2.0
42,11,5.0
42,680,5.0
42,278,4.0
42,13,5.0
42,954,5.0
42,238,5.0
42,562,4.0
42,500,5.0
42,769,5.0
42,240,5.0
42,600,5.0
42,207,5.0
42,33,3.0
42,607,4.0
42,4995,5.0
42,857,5.0
42,117,4.0
42,9535,4.0
42,603,5.0
42,550,3.0
42,492,4.0
42,98,3.0
42,9679,4.0
43,807,4.0
43,197,3.0
43,1572,5.0
43,680,3.0
43,278,4.0
43,13,5.0
43,280,5.0
43,954,5.0
44,11,5.0
44,954,3.0
45,629,5.0
45,197,5.0
45,1572,5.0
45,11,5.0
45,680,5.0
45,13,5.0
45,78,3.0
45,280,5.0
45,954,4.0
45,627,4.0
45,238,5.0
45,562,3.0
45,769,5.0
45,240,4.0
45,207,5.0
45,694,5.0
45,607,3.0
45,115,5.0
45,857,5.0
45,603,5.0
45,745,5.0
45,14,5.0
45,550,5.0
45,492,4.0
45,497,5.0
45,98,5.0
45,9679,5.0
45,808,5.0
45,585,5.0
45,120,5.0
45,557,5.0
45,2501,5.0
45,640,5.0
45,604,5.0
45,12,5.0
45,22,5.0
45,809,5.0
45,2502,5.0
45,2062,5.0
45,285,4.0
46,629,5.0
46,197,5.0
46,103,4.0
46,1572,4.0
46,278,4.0
47,807,3.0
47,278,4.0
47,13,4.5
47,607,1.5
47,857,4.0
47,745,3.0
47,550,2.0
47,497,5.0
47,640,2.0
47,1372,3.0
47,19995,2.5
47,37799,3.5
47,77016,4.0
47,194662,1.5
47,244786,5.0
47,210577,2.0
48,607,5.0
48,117,4.0
48,603,5.0
48,955,2.5
48,585,5.0
48,557,4.0
49,197,4.0
49,278,4.0
49,13,4.0
49,679,4.5
49,348,4.0
49,857,4.5
49,603,4.5
49,12,4.0
49,27205,4.5
49,157336,4.5
49,271110,4.0
49,263115,4.5
50,103,4.0
50,1572,3.0
50,680,4.0
50,278,3.5
50,13,3.0
50,78,4.0
50,238,4.0
50,15,4.0
50,562,3.5
50,694,4.0
50,607,2.5
50,115,3.5
50,603,2.5
50,550,3.0
50,808,2.0
50,585,3.0
50,12,3.0
50,22,3.0
50,153,3.0
50,24,3.5
50,272,2.5
50,36557,2.5
50,2062,3.0
50,6479,1.5
50,155,3.0
50,19995,2.0
50,11324,2.5
50,27205,2.5
50,76493,2.0
50,70981,1.5
50,37724,2.5
50,157336,2.5
50,194662,3.0
50,244786,2.5
50,205596,2.5
50,76341,3.0
50,293660,1.5
50,283995,1.0
50,293167,1.5
50,335984,3.0
51,103,5.0
51,11,5.0
51,280,5.0
51,238,3.5
51,679,5.0
51,348,5.0
51,607,5.0
51,117,5.0
51,745,5.0
51,585,4.0
51,153,4.5
51,587,4.0
51,1954,4.5
51,9693,5.0
51,559,3.5
51,675,5.0
51,155,4.0
52,11,4.0
52,101,4.0
52,278,5.0
52,13,5.0
52,603,5.0
52,550,4.5
52,2501,5.0
52,24,4.5
52,38,3.5
52,2502,5.0
52,561,4.5
52,591,3.5
52,1422,4.0
52,9693,3.5
52,36557,5.0
52,1372,5.0
52,2062,4.0
52,155,5.0
52,10764,4.0
52,19995,4.5
52,10528,5.0
52,11324,4.5
52,27205,5.0
52,24428,5.0
52,62177,5.0
52,37724,3.0
52,77016,5.0
52,76341,5.0
52,140607,5.0
52,102899,5.0
52,293660,5.0
52,286217,5.0
54,807,3.0
54,629,3.0
54,197,3.0
54,680,3.0
54,278,4.0
54,13,4.0
54,280,3.0
55,1422,5.0
56,807,5.0
56,197,4.0
56,1572,3.0
56,680,4.0
56,278,4.0
56,13,5.0
56,280,4.0
57,629,5.0
57,197,4.0
57,11,5.0
57,680,3.0
57,13,4.0
57,78,5.0
57,280,4.0
57,954,4.0
57,627,4.0
57,238,5.0
57,15,5.0
57,562,4.0
57,679,4.0
57,240,5.0
57,600,4.0
57,33,4.0
57,607,4.0
57,4995,4.0
57,1366,4.0
57,857,5.0
57,117,4.0
57,2109,3.0
57,603,5.0
57,745,5.0
57,14,5.0
57,492,4.0
57,98,4.0
58,807,5.0
58,629,5.0
58,197,5.0
58,1572,4.0
58,101,5.0
58,680,5.0
58,278,5.0
58,13,4.0
58,280,4.0
58,954,5.0
59,197,2.0
59,103,5.0
59,11,4.0
59,78,5.0
59,280,4.0
59,954,5.0
59,238,5.0
59,240,4.0
59,600,5.0
59,607,3.0
59,857,5.0
59,603,1.0
60,629,3.0
60,278,4.0
60,238,5.0
60,598,4.0
60,155,5.0
61,629,4.5
61,101,4.5
61,278,5.0
61,500,4.5
61,769,4.0
61,348,4.5
61,694,4.0
61,120,4.5
61,121,4.5
61,24,4.0
61,38,4.0
62,807,4.5
62,197,4.5
62,11,4.5
62,101,5.0
62,680,4.5
62,278,4.0
62,13,5.0
62,627,4.5
62,238,5.0
62,500,5.0
62,240,5.0
62,207,4.5
62,607,3.0
62,115,4.5
62,857,4.0
62,603,5.0
62,745,4.5
62,550,5.0
62,497,5.0
62,98,4.5
62,808,1.0
62,120,5.0
62,557,4.0
62,121,5.0
62,640,4.5
62,423,4.5
62,604,5.0
62,22,4.0
62,24,5.0
62,1954,4.0
62,38,4.5
62,652,4.0
62,809,1.0
62,561,4.5
62,272,5.0
62,254,4.0
62,591,3.5
62,58,4.5
62,1422,4.5
62,36557,4.5
62,1372,4.5
62,559,4.0
62,285,4.5
62,675,4.5
62,6479,4.0
62,155,5.0
62,1726,3.5
62,10764,4.5
62,4922,4.5
62,16869,4.0
62,767,4.5
62,19995,4.0
62,10528,5.0
62,11324,4.0
62,10138,3.5
62,27205,5.0
62,12444,4.5
62,10195,4.0
62,12445,4.5
62,24428,4.0
62,49026,5.0
62,70981,3.5
62,37724,4.5
62,68721,3.5
62,146233,3.0
62,76338,3.5
62,110415,4.0
62,157336,5.0
62,240832,4.0
62,244786,4.0
62,210577,4.0
62,198663,3.5
62,190859,4.0
62,228150,4.5
62,242582,4.5
62,205596,4.5
62,131631,4.0
62,122917,4.0
62,228967,3.0
62,76341,4.0
62,140607,4.0
62,99861,4.0
62,102899,3.5
62,293660,4.5
62,299536,4.0
62,283995,4.0
62,271110,4.0
62,284052,4.5
62,238615,3.5
62,257211,4.0
62,329865,4.0
62,263115,5.0
62,335984,4.0
62,181808,3.5
63,807,4.0
63,629,5.0
63,197,2.5
63,103,3.0
63,1572,4.0
63,11,5.0
63,101,3.5
63,680,5.0
63,278,5.0
63,13,3.5
63,280,4.0
63,954,4.0
63,627,4.0
63,238,4.0
63,562,4.0
63,500,3.0
63,679,2.5
63,769,4.0
63,348,2.5
63,240,4.0
63,600,2.5
63,607,2.0
63,115,0.5
63,857,3.5
63,603,3.5
63,14,5.0
63,550,5.0
63,492,3.0
63,9532,2.0
63,98,3.0
63,955,2.5
63,9679,2.5
63,808,2.5
63,585,3.5
63,120,4.0
63,557,0.5
63,2501,4.0
63,121,3.5
63,640,4.0
63,598,4.5
63,604,2.0
63,22,4.0
63,24,3.5
63,1954,2.5
63,38,5.0
63,2502,3.0
63,272,3.5
63,58,4.0
63,1422,4.5
63,9693,5.0
63,36557,4.0
63,2062,2.5
63,285,3.5
63,1571,4.0
63,155,5.0
63,10528,4.0
63,11324,4.0
63,10138,2.5
63,27205,3.5
63,24428,3.5
63,49026,5.0
63,37724,3.5
63,177572,5.0
63,99861,4.0
64,807,4.5
64,629,3.0
64,197,4.0
64,103,4.0
64,11,3.5
64,101,4.0
64,680,4.5
64,278,5.0
64,13,4.0
64,280,4.0
64,627,5.0
64,238,5.0
64,562,3.0
64,500,4.0
64,769,5.0
64,348,4.0
64,240,5.0
64,600,4.0
64,694,3.5
64,33,3.5
64,607,3.5
64,4995,4.5
64,115,5.0
64,857,4.0
64,117,4.5
64,2109,3.0
64,9535,3.0
64,603,4.0
64,745,4.5
64,14,2.5
64,550,4.5
64,492,4.0
64,497,4.0
64,9679,2.5
64,808,3.5
64,5175,3.0
64,585,4.0
64,120,4.5
64,2501,3.5
64,121,4.5
64,598,3.5
64,604,3.0
64,12,5.0
64,22,4.0
64,153,4.0
64,24,4.0
64,587,4.0
64,1954,3.0
64,38,4.5
64,809,3.5
64,272,4.0
64,254,4.0
64,591,2.5
65,278,4.0
65,562,3.0
65,207,4.0
65,857,4.0
65,550,4.5
65,497,4.5
65,120,3.5
65,652,3.5
65,155,4.5
65,13223,4.5
65,11324,4.5
65,27205,4.5
65,157336,4.5
65,205596,4.5
65,293660,3.0
66,807,5.0
66,629,4.0
66,197,5.0
66,103,4.5
66,11,2.5
66,101,4.0
66,680,5.0
66,278,4.5
66,13,5.0
66,78,5.0
66,280,4.0
66,562,4.0
66,500,4.0
66,679,5.0
66,769,3.5
66,348,4.0
66,600,4.5
66,207,4.5
66,694,4.0
66,33,5.0
66,857,4.5
66,117,4.0
66,603,5.0
66,745,5.0
66,14,5.0
66,550,5.0
66,98,3.5
66,808,5.0
66,585,4.5
66,120,5.0
66,557,4.0
66,2501,5.0
66,121,5.0
66,12,4.5
66,22,3.5
66,153,5.0
66,24,5.0
66,587,5.0
66,38,4.5
66,809,4.5
66,2502,5.0
67,101,5.0
67,680,4.5
67,278,4.5
67,13,4.5
67,280,3.5
67,562,4.0
67,607,4.0
67,857,4.5
67,603,4.5
67,14,4.0
67,550,4.5
67,808,3.5
67,585,4.5
67,120,2.0
67,2501,3.0
67,121,2.0
67,12,4.0
67,22,4.5
67,16869,4.0
67,27205,4.0
68,807,4.0
68,629,3.0
68,197,2.5
68,1572,3.5
68,11,5.0
68,101,4.0
68,680,2.0
68,278,3.0
68,13,3.5
68,78,2.0
68,280,3.5
68,954,4.0
68,238,4.0
68,15,3.0
68,562,3.0
68,500,3.5
68,679,2.5
68,769,3.5
68,348,2.0
68,240,3.0
68,600,2.5
68,694,3.5
68,607,4.0
68,4995,3.0
68,115,0.5
68,1366,3.5
68,857,4.0
68,117,3.5
68,2109,2.5
68,9535,2.0
68,603,4.5
68,745,2.5
68,14,5.0
68,550,2.5
68,492,4.5
68,497,3.5
68,9532,3.0
68,98,4.0
68,955,4.5
68,9679,3.0
68,808,5.0
68,5175,2.0
68,585,4.5
68,120,4.5
68,557,4.5
68,2501,4.5
68,121,4.0
68,640,3.5
68,423,4.0
68,604,4.0
68,12,4.5
68,22,5.0
68,153,5.0
68,24,3.0
68,1954,2.5
68,38,4.5
68,652,4.0
68,809,3.5
68,2502,3.5
68,561,3.5
68,272,2.5
68,254,4.5
68,58,4.5
68,1422,3.5
68,9693,3.5
68,36557,5.0
68,1372,3.0
68,2062,4.0
68,1255,3.5
68,559,3.0
68,285,4.5
68,1571,3.0
68,675,5.0
68,6479,3.5
68,155,5.0
68,1726,4.5
68,10764,3.0
68,16869,4.5
68,767,4.0
68,19995,5.0
68,10528,3.0
68,11324,3.0
68,10138,4.0
68,27205,5.0
68,37799,3.5
68,12444,5.0
68,10195,3.5
68,12445,4.5
68,24428,4.5
68,49026,4.0
68,70981,3.0
68,62177,3.0
68,72105,3.5
68,37724,4.5
68,72190,3.5
68,110415,1.5
68,194662,1.5
68,205596,3.5
68,131631,4.0
68,122917,3.0
68,76341,5.0
68,140607,4.5
68,293660,4.0
68,283995,3.5
68,284052,3.0
68,286217,5.0
68,329865,3.5
68,263115,4.0
68,335984,3.5
69,629,5.0
69,11,5.0
69,680,5.0
69,278,5.0
69,13,4.0
69,78,5.0
69,280,4.0
69,694,5.0
69,33,5.0
69,607,4.0
69,603,5.0
69,745,5.0
70,278,4.5
70,13,4.0
70,238,5.0
70,207,5.0
70,1366,4.5
70,14,4.0
70,497,2.5
70,808,4.0
70,423,4.0
70,38,4.5
71,1572,5.0
71,11,3.0
71,280,3.0
71,954,4.0
71,562,4.0
72,807,4.5
72,629,4.5
72,197,4.5
72,1572,4.0
72,11,5.0
72,680,4.5
72,278,5.0
72,13,4.0
72,280,4.5
72,954,4.0
72,238,4.5
72,240,4.5
72,603,5.0
72,14,4.5
72,6479,4.5
73,11,2.0
73,115,5.0
73,857,5.0
73,14,5.0
73,808,2.5
73,585,4.0
73,12,4.5
73,22,4.5
73,24,5.0
73,809,2.0
73,58,4.0
73,36557,5.0
73,559,5.0
73,285,4.5
73,155,4.5
73,1726,4.0
73,4922,3.5
73,16869,5.0
73,19995,3.5
73,10528,5.0
73,11324,4.5
73,27205,2.5
73,37799,4.0
73,10195,5.0
73,24428,4.0
73,49026,5.0
73,72105,3.5
73,37724,5.0
73,72190,4.0
73,76338,5.0
73,157336,4.5
73,194662,2.5
73,85350,3.5
73,210577,4.0
73,225886,2.5
73,177572,5.0
73,131631,4.0
73,227159,4.0
73,99861,5.0
73,293660,4.5
73,284276,2.5
73,252838,3.5
73,271718,3.5
73,257211,4.0
74,103,5.0
74,680,5.0
74,238,5.0
74,15,5.0
74,240,5.0
74,4995,3.5
74,14,5.0
74,492,4.0
74,423,5.0
74,598,5.0
74,153,4.0
74,1422,5.0
74,9693,4.0
75,807,2.0
75,11,5.0
75,78,4.0
75,280,4.5
75,562,4.0
75,679,2.5
75,348,4.5
75,33,4.0
75,603,1.0
75,808,4.0
75,120,5.0
75,121,4.0
75,809,4.0
76,807,3.5
76,103,3.0
76,11,4.0
76,680,4.5
76,278,3.0
76,13,1.0
76,78,3.5
76,280,3.5
76,627,4.5
76,238,5.0
76,15,1.5
76,500,4.5
76,769,5.0
76,348,4.0
76,240,4.5
76,694,3.5
76,115,4.0
76,603,4.0
76,745,4.0
76,14,4.0
76,550,4.5
76,121,3.0
76,598,3.0
76,12,0.5
76,22,2.0
76,24,3.5
76,1954,3.0
76,6479,2.0
76,155,3.0
76,16869,4.0
76,10528,2.0
76,11324,4.0
76,27205,4.0
76,37799,3.0
77,11,5.0
77,603,5.0
77,98,5.0
77,120,5.0
77,557,5.0
77,2501,2.5
77,121,5.0
77,640,2.0
77,22,4.0
77,38,2.0
77,272,5.0
77,155,5.0
77,27205,2.5
77,157336,4.0
78,1572,3.0
78,11,3.5
78,680,4.0
78,278,4.5
78,13,3.0
78,280,4.5
78,954,3.0
78,562,5.0
78,679,3.0
78,603,4.5
78,1571,1.5
78,1726,3.0
79,11,5.0
79,280,5.0
79,238,5.0
79,679,4.0
79,240,5.0
79,600,4.0
79,607,4.0
79,1366,4.0
79,857,5.0
79,603,4.0
79,98,2.0
80,629,4.5
80,278,5.0
80,954,4.5
80,238,4.0
80,679,4.5
80,348,5.0
80,240,4.0
80,694,4.0
80,603,4.5
80,550,5.0
80,497,4.0
80,955,4.0
80,585,4.0
80,557,4.0
80,2501,5.0
80,640,4.5
80,604,4.0
80,22,4.0
80,24,4.5
80,2502,5.0
80,272,5.0
80,1422,4.0
80,9693,4.0
80,36557,4.5
80,1372,4.0
80,1571,4.0
80,6479,4.5
80,155,5.0
80,1726,4.5
80,10764,4.5
80,19995,4.0
80,11324,4.5
80,10138,4.5
80,27205,4.5
80,49530,4.0
80,70981,5.0
80,37724,4.5
80,68721,4.0
80,72190,4.0
81,807,3.0
81,197,3.0
81,1572,3.0
81,680,3.0
81,278,3.0
81,13,2.0
81,280,5.0
82,807,3.5
82,197,4.5
82,1572,4.0
82,11,3.5
82,101,3.5
82,13,4.5
82,280,4.5
82,954,4.0
82,238,3.5
82,562,4.0
82,500,3.5
82,679,3.5
82,348,3.5
82,240,3.0
82,607,4.0
82,857,3.5
82,2109,4.0
82,603,4.0
82,98,4.5
82,955,2.5
82,9679,4.0
82,808,4.0
82,5175,4.0
82,585,1.5
82,120,4.0
82,557,1.5
82,12,3.5
82,22,4.5
83,197,4.0
83,278,5.0
83,13,4.5
83,78,4.5
83,15,3.5
83,562,2.5
83,600,5.0
83,207,5.0
83,694,5.0
83,857,5.0
83,745,4.0
83,14,3.5
83,497,3.5
83,98,5.0
83,808,3.0
83,120,4.0
83,557,2.5
83,2501,0.5
83,121,3.5
83,598,5.0
83,22,3.5
83,24,0.5
83,1954,3.5
83,652,3.0
83,9693,5.0
83,155,5.0
83,767,3.5
83,19995,4.5
83,27205,5.0
83,12445,3.0
84,629,4.0
84,1572,3.0
84,11,4.0
84,680,4.0
84,278,5.0
84,13,5.0
84,238,4.0
84,15,4.0
84,562,3.0
84,679,4.0
84,769,3.0
84,348,3.0
84,207,4.0
84,694,4.0
84,33,4.0
86,1572,4.0
86,11,4.5
86,278,4.5
86,13,4.0
86,954,4.5
86,857,3.5
86,603,4.5
86,745,4.0
86,14,4.0
86,550,3.5
86,98,4.0
86,808,4.0
86,585,4.0
86,120,4.0
86,2501,4.5
86,121,4.0
86,12,4.5
86,22,4.0
86,587,4.0
86,38,4.5
86,272,4.0
86,155,4.5
86,1726,4.0
86,27205,4.0
88,629,5.0
88,278,5.0
88,115,5.0
88,120,5.0
88,2501,4.5
88,121,5.0
88,640,4.0
88,423,4.5
88,24,4.5
88,587,3.5
88,2502,4.5
88,1422,4.0
88,9693,4.5
88,155,5.0
88,16869,4.5
88,27205,4.5
89,13,0.5
89,607,1.5
89,115,2.5
89,9535,2.0
89,492,3.0
89,808,3.0
89,5175,4.0
89,585,4.5
89,809,4.5
89,2062,5.0
89,76493,2.0
89,62177,1.5
89,193893,2.5
89,227159,4.0
89,228967,2.5
89,181533,4.5
89,252838,2.5
90,11,5.0
91,807,4.5
91,629,4.5
91,197,4.0
91,103,4.0
91,1572,3.0
91,11,4.5
91,101,4.0
91,680,4.5
91,278,2.0
91,13,3.0
91,1607,3.0
91,78,5.0
91,280,4.0
91,954,4.0
91,627,4.0
91,238,5.0
91,15,4.0
91,562,4.0
91,500,4.0
91,679,5.0
91,769,4.0
91,348,5.0
91,240,4.0
91,207,2.0
91,694,4.5
91,33,4.0
91,607,3.5
91,1366,5.0
91,857,4.5
91,117,3.5
91,603,5.0
91,745,4.0
91,550,4.5
91,492,3.5
91,497,2.5
91,98,3.5
91,955,2.0
91,808,5.0
91,585,4.0
91,120,4.5
91,557,5.0
91,2501,4.0
91,121,4.0
91,640,2.5
91,604,3.0
91,22,5.0
91,24,4.0
91,561,4.0
93,197,5.0
93,11,5.0
93,278,4.0
93,13,5.0
93,954,4.0
93,607,5.0
93,857,5.0
94,807,2.0
94,197,5.0
94,1572,4.0
94,680,4.0
94,278,5.0
94,13,3.0
94,280,4.0
95,11,5.0
95,101,4.5
95,78,5.0
95,280,4.0
95,562,5.0
95,500,5.0
95,679,4.5
95,348,4.0
95,240,5.0
95,857,5.0
95,603,5.0
95,557,4.0
95,2501,5.0
95,121,4.5
95,598,5.0
95,604,4.0
95,153,4.5
95,38,5.0
96,629,5.0
96,197,5.0
96,11,5.0
96,680,5.0
96,280,5.0
96,954,3.0
96,238,4.0
96,562,3.0
96,500,5.0
96,679,5.0
96,348,5.0
96,240,4.0
96,857,4.0
96,603,4.0
96,14,5.0
96,98,4.0
97,238,5.0
97,857,5.0
97,603,5.0
97,98,4.0
97,955,5.0
97,9679,4.0
97,808,5.0
97,5175,3.0
97,120,5.0
98,13,5.0
98,238,3.0
98,562,5.0
98,348,4.5
98,694,5.0
98,808,5.0
98,2062,5.0
98,11324,5.0
98,27205,4.0
98,157336,5.0
98,205596,5.0
98,293660,3.5
98,299536,5.0
98,283995,4.0
98,286217,4.5
98,329865,5.0
98,181808,3.0
99,1572,5.0
99,101,5.0
99,680,5.0
99,278,5.0
100,680,3.5
100,13,4.0
100,954,4.0
100,15,3.5
100,769,3.5
100,207,4.5
100,607,4.0
100,857,4.0
100,9535,4.0
100,9679,4.0
100,640,4.5
100,12,4.0
101,745,4.0
101,14,4.0
101,550,5.0
101,492,5.0
101,98,4.0
101,955,1.0
101,9679,4.0
102,807,5.0
102,1572,3.0
102,101,3.0
102,680,5.0
102,278,4.0
102,13,5.0
102,280,4.0
103,629,4.0
103,197,4.5
103,103,4.5
103,11,4.0
103,680,5.0
103,278,5.0
103,13,4.0
103,238,4.5
103,15,4.0
103,500,4.5
103,769,5.0
103,240,4.5
103,600,5.0
103,694,4.0
103,115,5.0
103,1366,5.0
103,857,4.0
103,117,5.0
103,603,4.0
103,550,5.0
103,492,5.0
103,808,3.5
103,585,3.5
103,120,4.0
103,557,3.0
103,121,3.5
103,598,5.0
103,12,3.5
103,22,4.5
103,153,5.0
103,24,4.5
103,38,4.5
103,809,3.0
103,272,4.5
103,254,4.0
103,58,4.0
103,1422,4.5
103,2062,4.0
103,285,4.5
103,675,2.5
103,155,5.0
103,1726,1.5
103,13223,5.0
103,16869,5.0
103,767,1.5
103,19995,3.0
103,10528,4.0
103,10138,0.5
103,27205,4.5
103,37799,4.0
103,12444,2.0
103,12445,2.0
103,24428,3.0
103,49026,4.5
103,37724,4.0
103,76203,4.0
103,157336,4.5
103,210577,4.5
103,171274,4.0
103,76341,4.0
103,140607,2.5
103,158852,1.0
103,307081,3.5
104,807,0.5
104,197,1.0
104,11,3.0
104,101,4.0
104,13,4.0
104,238,1.5
104,207,4.0
104,607,3.0
104,808,4.5
104,585,4.0
104,120,3.0
104,557,3.5
104,121,4.0
104,12,4.0
104,22,3.0
104,153,3.0
104,38,2.5
104,809,4.0
104,2062,3.5
104,559,3.0
104,285,3.0
104,675,4.0
104,19995,3.0
104,10528,3.5
104,12444,4.0
104,198663,4.0
105,807,5.0
105,629,5.0
105,197,3.5
105,103,4.5
105,11,4.0
105,101,5.0
105,680,5.0
105,278,5.0
105,13,3.5
105,78,4.0
105,280,4.0
105,627,5.0
105,238,5.0
105,15,4.0
105,500,5.0
105,769,5.0
105,348,4.0
105,240,4.5
105,600,4.0
105,694,4.0
105,33,4.0
105,857,5.0
105,603,4.0
105,745,4.5
105,14,5.0
105,550,5.0
105,497,5.0
105,9532,4.0
105,98,4.0
105,955,4.0
105,9679,3.5
105,808,4.0
105,585,3.5
105,120,4.0
105,557,3.5
105,2501,3.5
105,121,4.0
105,640,4.5
105,423,4.0
105,598,5.0
105,604,4.5
105,12,3.5
105,22,4.0
105,153,3.5
105,24,4.0
105,587,3.0
105,1954,4.0
105,38,5.0
105,652,3.5
105,809,4.0
105,2502,3.5
105,561,3.5
105,272,4.0
105,591,4.0
105,58,4.0
105,1422,5.0
105,36557,4.0
105,1372,3.5
105,2062,4.0
105,285,4.5
105,675,4.0
105,6479,4.0
105,155,3.5
105,1726,3.5
105,10764,4.0
105,13223,4.0
105,4922,4.0
105,16869,4.0
105,767,4.0
105,19995,4.0
105,10528,5.0
105,11324,5.0
105,10138,3.5
105,27205,5.0
105,37799,4.0
105,12445,4.0
105,24428,3.5
105,49530,3.5
105,49026,4.0
105,76493,4.0
105,146233,4.5
105,76203,4.0
105,157336,4.0
105,240832,3.5
105,194662,4.0
105,85350,4.0
105,244786,4.0
105,210577,4.0
105,242582,4.5
105,177572,3.5
105,205596,4.0
105,270946,3.5
105,122917,4.0
105,228967,3.5
105,198184,4.0
105,76341,4.0
105,293660,4.0
105,372058,4.5
106,278,5.0
106,603,5.0
106,120,5.0
106,557,3.5
106,121,5.0
106,22,5.0
106,561,2.5
106,58,5.0
106,285,5.0
106,1726,3.5
106,767,5.0
106,19995,5.0
106,10528,5.0
106,12444,5.0
106,10195,4.0
106,12445,5.0
107,197,5.0
107,103,4.0
107,1572,3.0
107,680,3.0
107,278,5.0
108,78,5.0
108,603,5.0
108,120,3.0
108,557,5.0
108,121,3.0
108,640,5.0
109,807,3.0
109,629,4.0
109,197,5.0
109,1572,3.0
109,680,5.0
109,278,5.0
109,13,5.0
109,280,3.0
109,627,4.0
110,807,4.5
110,197,3.5
110,103,4.0
110,680,4.5
110,78,4.0
110,627,3.5
110,500,4.0
110,600,4.0
110,857,3.5
110,603,4.0
110,745,3.0
110,14,4.5
110,550,4.5
110,598,4.5
111,278,4.5
111,13,5.0
111,562,2.0
111,607,3.0
111,9535,3.0
111,603,0.5
111,14,4.0
111,550,5.0
111,808,3.0
111,585,3.0
111,2501,0.5
111,640,4.0
111,604,1.0
111,12,4.0
111,22,3.0
111,24,3.5
111,1954,0.5
111,38,3.5
111,809,2.0
111,561,3.0
111,272,2.0
111,591,4.0
111,58,3.0
111,1422,4.5
111,2062,3.0
111,285,3.5
111,675,4.0
111,6479,2.5
111,155,4.0
111,1726,2.0
111,16869,4.5
111,767,4.0
111,19995,2.0
111,10528,3.5
111,11324,3.5
111,27205,4.5
111,37799,3.5
111,12444,4.0
111,12445,4.0
111,49026,3.5
111,72105,2.5
111,210577,4.0
111,225886,2.5
111,193893,4.0
111,177572,3.0
111,100042,2.5
111,227159,3.5
111,270946,3.5
111,228967,4.5
111,181533,3.5
111,76341,4.0
111,102899,3.0
111,293660,5.0
111,283995,4.0
111,252838,5.0
111,254470,3.5
111,271718,3.0
111,257344,4.0
111,214756,2.0
111,257211,4.5
112,807,5.0
112,629,5.0
112,197,3.5
112,11,5.0
112,13,3.5
112,627,3.5
112,857,5.0
112,603,5.0
112,497,5.0
112,9679,4.0
112,120,5.0
112,121,5.0
112,155,5.0
112,16869,4.5
112,19995,4.0
112,27205,4.5
112,49026,5.0
112,157336,5.0
112,177572,3.5
113,103,4.0
113,11,4.0
113,101,5.0
113,13,4.0
113,238,4.0
113,14,5.0
114,11,3.5
114,497,4.0
114,808,2.0
114,557,4.0
114,12,3.0
114,559,4.5
114,675,4.0
114,767,2.0
114,12444,3.0
114,12445,2.5
114,76341,3.0
114,140607,2.5
114,293660,3.5
115,197,3.0
115,11,5.0
115,680,5.0
115,280,5.0
115,679,5.0
115,600,5.0
115,33,5.0
115,607,4.0
115,857,5.0
115,2109,4.0
115,603,3.0
115,745,3.0
115,14,1.0
115,98,5.0
116,807,3.5
116,1572,3.5
116,13,4.0
116,78,5.0
116,280,4.0
116,238,1.5
116,562,3.5
116,1366,3.0
116,98,4.5
116,557,3.5
116,423,3.5
116,22,4.0
116,809,4.0
117,807,4.0
117,629,4.0
117,197,5.0
117,1572,3.0
117,101,3.0
117,680,4.0
117,278,5.0
117,13,4.0
117,280,4.0
117,954,3.0
117,627,3.0
117,562,3.0
118,680,4.0
118,238,5.0
118,769,5.0
118,240,5.0
118,857,4.0
119,101,5.0
119,680,4.0
119,278,4.5
119,13,4.0
119,607,4.0
119,115,4.0
119,603,4.0
119,497,5.0
119,98,5.0
119,808,4.0
119,585,4.5
119,120,5.0
119,2501,4.0
119,121,4.5
119,640,4.5
119,423,4.5
119,604,4.0
119,12,4.0
119,22,4.0
119,652,4.5
119,272,3.5
119,1422,4.0
119,9693,4.0
119,36557,5.0
119,2062,4.0
119,559,3.5
119,6479,4.5
119,155,4.5
119,10764,4.0
119,13223,4.5
119,16869,4.0
119,19995,5.0
119,10528,4.5
119,20504,4.5
119,11324,4.0
119,27205,4.0
119,37799,5.0
119,49026,4.5
119,72105,4.5
119,37724,3.5
119,76203,4.0
119,194662,3.0
119,244786,4.5
119,244506,3.5
119,190859,5.0
119,177572,5.0
119,205596,5.0
119,131631,4.0
119,260346,4.5
119,76341,4.0
119,293660,4.5
119,265208,3.0
119,256961,3.5
119,214756,3.0
119,307081,4.0
119,263115,4.5
120,11,5.0
120,954,3.0
120,238,5.0
121,807,3.0
121,197,4.0
121,680,4.0
121,278,5.0
121,13,4.0
122,807,4.5
122,629,5.0
122,103,5.0
122,1572,5.0
122,11,5.0
122,680,5.0
122,278,5.0
122,13,5.0
122,280,5.0
122,627,5.0
122,238,5.0
122,15,5.0
122,500,5.0
122,679,5.0
122,769,5.0
122,348,5.0
122,600,5.0
122,4995,5.0
122,115,5.0
122,603,5.0
122,745,5.0
122,550,5.0
122,492,5.0
122,9532,4.0
122,585,5.0
122,640,4.5
122,12,4.5
122,1422,5.0
122,9693,5.0
122,36557,4.5
122,6479,4.0
122,155,4.0
122,10764,4.5
122,4922,4.5
122,19995,4.5
122,11324,5.0
122,10138,4.0
122,27205,4.5
122,37799,5.0
122,49026,4.0
122,76493,4.5
122,70981,4.0
122,37724,4.5
122,110415,4.5
122,157336,5.0
122,190859,3.5
122,242582,4.5
122,177572,4.0
122,171274,4.0
122,198184,5.0
122,270303,5.0
122,76341,5.0
122,140607,5.0
122,102899,4.0
122,286217,4.0
123,807,4.5
123,11,4.5
123,101,3.5
123,680,4.0
123,278,4.0
123,603,4.0
123,14,3.5
123,550,4.5
123,585,4.0
123,120,3.5
123,121,3.5
123,598,3.5
123,1726,4.0
123,16869,4.0
123,27205,4.0
123,37799,4.5
123,24428,4.0
123,146233,4.0
123,157336,4.5
123,156022,3.5
123,244786,3.5
123,210577,4.5
123,242582,4.5
123,177572,3.5
123,205596,4.5
124,629,4.5
124,197,3.5
124,11,4.0
124,680,4.5
124,278,4.5
124,13,5.0
124,14,5.0
124,497,4.5
124,12,5.0
124,38,5.0
124,2062,4.5
125,197,4.5
125,680,4.5
125,278,4.0
125,13,5.0
125,280,4.0
125,238,4.5
125,240,4.5
125,607,4.0
125,115,4.5
125,603,5.0
125,14,5.0
125,550,5.0
125,497,4.0
125,598,4.0
125,22,4.0
125,153,3.0
125,24,4.5
125,1954,5.0
125,38,4.5
125,809,3.5
125,2502,3.0
125,272,4.0
125,58,3.5
125,1422,4.0
125,9693,4.5
125,285,4.0
125,6479,2.0
125,155,4.0
125,1726,3.5
125,16869,2.5
125,19995,4.5
125,27205,4.0
125,10195,3.0
125,76493,4.5
125,62177,3.5
125,72105,4.5
125,157336,3.5
125,194662,4.0
125,244786,4.0
125,119450,4.0
125,177572,4.0
125,228967,4.0
125,198184,3.0
125,76341,4.5
125,99861,3.0
125,293660,4.5
125,283995,3.5
125,284052,4.0
125,262500,3.0
125,286217,4.0
125,271718,4.0
125,372058,4.0
125,329865,3.5
125,263115,3.5
125,335984,3.5
126,807,5.0
126,197,4.0
126,1572,4.0
126,680,1.0
126,278,5.0
126,13,4.0
126,280,3.0
128,197,5.0
128,11,5.0
128,15,4.0
128,562,3.0
129,807,3.5
129,197,4.0
129,11,4.0
129,78,3.5
129,954,4.0
129,600,4.0
129,857,4.5
129,603,4.5
129,14,4.5
129,550,4.0
129,98,4.5
129,955,3.5
129,808,3.5
129,585,4.0
129,120,4.5
129,2501,4.0
129,121,4.5
129,604,4.0
129,22,4.0
129,153,4.0
129,24,4.5
129,652,3.5
129,2502,4.0
129,272,4.5
129,58,4.0
130,197,5.0
130,1572,4.0
130,680,4.0
130,278,5.0
131,807,4.0
131,629,4.0
131,197,2.5
131,103,4.0
131,11,2.5
131,101,4.0
131,680,4.0
131,278,4.0
131,13,3.0
131,78,4.0
131,627,4.0
131,238,4.0
131,500,4.0
131,679,3.5
131,769,4.0
131,348,4.5
131,240,4.0
131,857,2.5
131,2109,2.5
131,603,3.0
131,14,3.5
131,120,3.5
131,121,3.5
131,598,4.0
131,38,3.5
131,1422,3.5
131,155,4.0
131,13223,3.5
131,27205,4.0
131,24428,4.0
131,49026,4.0
132,807,4.0
132,629,4.0
132,11,2.0
132,101,4.0
132,680,4.0
132,278,4.5
132,13,4.0
132,627,3.0
132,238,3.0
132,500,3.0
132,240,3.0
132,207,3.5
132,694,4.0
132,115,2.5
132,603,4.5
132,14,4.5
132,550,4.0
132,492,4.0
132,9679,2.0
132,808,3.5
132,585,3.0
132,120,4.5
132,557,3.0
132,121,3.0
132,604,3.5
132,12,3.0
132,22,3.0
132,153,4.0
132,24,4.5
132,587,3.5
132,38,4.0
132,809,3.0
132,561,2.0
132,272,3.0
132,58,3.0
132,1422,3.0
132,2062,3.5
132,155,3.5
132,16869,3.5
132,27205,3.0
133,807,4.0
133,629,3.0
133,197,3.0
133,680,3.0
133,278,4.0
133,13,4.0
133,280,3.0
133,562,3.0
134,807,4.0
134,197,5.0
134,680,4.0
135,807,5.0
135,197,4.0
135,1572,1.0
135,11,4.0
135,101,4.0
135,680,4.0
135,278,5.0
135,280,4.0
135,954,4.0
135,238,4.0
135,562,5.0
135,679,5.0
135,769,4.0
135,348,4.0
135,607,4.0
135,115,4.0
135,1366,4.0
135,857,4.0
135,2109,4.0
135,603,5.0
135,745,3.0
135,14,4.0
135,550,5.0
135,492,4.0
135,98,2.0
135,955,2.0
135,808,4.0
135,120,5.0
136,807,5.0
136,197,5.0
136,1572,5.0
136,101,1.0
136,680,1.0
137,197,4.0
137,103,5.0
137,11,4.0
137,680,3.0
137,278,3.5
137,13,3.5
137,78,5.0
137,280,3.5
137,627,2.0
137,238,5.0
137,15,5.0
137,679,4.0
137,348,5.0
137,240,5.0
137,694,3.5
137,607,3.5
137,857,4.0
137,603,4.0
137,745,4.5
137,550,3.0
137,492,4.0
137,98,3.5
137,808,4.0
137,120,5.0
137,121,4.5
137,604,3.5
137,12,4.0
139,11,4.0
139,9532,2.0
139,98,2.5
139,9679,1.5
139,808,2.5
139,585,3.0
139,120,4.0
139,557,3.0
139,2501,2.5
139,121,4.0
139,22,3.0
139,24,3.0
139,587,1.5
139,1954,1.0
139,809,2.0
139,2502,2.0
139,272,3.0
139,58,2.5
139,36557,3.5
139,559,1.0
139,285,2.0
139,675,3.0
139,155,3.5
139,1726,3.0
139,10764,3.0
139,767,3.0
139,19995,1.5
139,11324,1.0
139,10138,1.5
139,27205,2.0
139,10195,2.0
139,24428,2.5
139,49026,4.0
139,70981,1.5
139,37724,3.5
139,68721,1.5
139,177572,3.0
139,140607,4.0
139,99861,2.0
140,807,4.0
140,629,3.0
140,197,4.0
140,1572,4.0
140,11,4.0
140,101,5.0
140,680,4.0
140,278,4.0
140,13,4.0
140,78,3.0
140,954,4.0
140,238,5.0
140,562,4.0
140,500,3.0
140,679,4.5
140,769,3.0
140,348,4.0
140,240,3.0
140,207,3.0
140,33,4.0
140,607,3.0
140,857,5.0
140,117,4.0
140,603,4.0
140,14,4.0
140,497,3.5
140,98,4.0
140,955,3.0
140,9679,4.0
140,808,3.0
140,585,4.0
140,120,3.0
140,557,3.5
140,2501,4.0
140,121,4.0
140,640,4.0
140,423,3.0
140,12,4.0
140,22,3.5
140,24,2.0
140,2502,3.5
140,1422,3.0
140,36557,4.0
140,1372,4.0
140,1571,3.0
141,807,3.0
141,197,3.5
141,11,4.0
141,680,4.0
141,278,4.0
141,13,4.0
141,238,2.5
141,607,3.5
141,115,4.0
141,857,4.0
141,603,3.5
141,550,5.0
141,497,3.5
141,98,5.0
141,808,4.0
141,585,4.0
141,120,4.0
141,2501,3.5
141,121,3.5
141,640,3.0
141,604,3.0
141,12,4.5
141,22,4.0
141,24,3.0
141,587,4.5
141,809,2.5
141,272,3.5
141,1422,3.0
141,2062,3.0
141,675,3.0
141,6479,3.5
141,155,5.0
141,1726,3.0
141,767,4.0
141,19995,2.5
141,10528,2.5
141,37799,5.0
141,12444,3.5
141,49026,4.0
141,157336,5.0
141,293660,5.0
142,807,4.0
142,629,5.0
142,1572,3.0
142,680,5.0
142,13,4.0
142,280,3.0
143,13,5.0
143,808,5.0
143,2501,2.0
143,12,4.0
143,22,3.0
143,27205,2.0
144,807,4.5
144,197,4.5
144,680,4.0
144,13,4.0
144,78,3.0
144,280,2.0
144,954,3.5
144,627,4.0
144,562,3.5
144,348,3.0
144,207,3.0
144,607,3.5
144,857,3.5
144,603,4.0
144,745,4.0
144,14,4.0
144,550,4.0
144,497,4.0
144,98,4.0
144,808,5.0
144,120,4.5
144,121,4.5
144,12,5.0
144,22,5.0
144,809,5.0
145,629,5.0
145,103,4.0
145,1572,3.0
145,680,4.0
145,278,3.0
148,13,4.0
148,585,3.0
148,120,3.0
148,121,3.0
148,12,3.0
148,2062,3.0
148,675,4.0
148,767,4.0
148,19995,4.0
148,27205,1.5
148,12444,4.0
148,12445,4.0
148,24428,4.0
148,177572,3.5
148,205596,4.5
148,76341,4.0
148,140607,3.5
148,271110,3.5
149,11,4.0
149,78,4.0
149,280,3.0
149,679,3.0
149,348,5.0
149,607,2.0
150,954,4.0
151,954,3.0
152,807,5.0
152,629,4.5
152,103,5.0
152,11,3.0
152,680,4.5
152,278,3.5
152,78,4.0
152,238,5.0
152,769,4.0
152,240,4.0
152,603,4.0
152,14,4.0
152,550,5.0
152,598,4.5
152,38,5.0
152,1422,3.5
152,155,4.0
152,20504,3.5
152,27205,3.5
153,680,3.0
153,13,3.5
153,627,3.5
153,238,1.0
153,207,4.5
153,694,3.0
153,607,0.5
153,115,3.5
153,1366,0.5
153,603,0.5
153,14,3.0
153,550,0.5
153,955,0.5
153,808,2.0
153,557,0.5
153,12,1.0
153,153,2.0
153,587,4.0
153,38,5.0
153,652,0.5
153,4922,2.5
153,19995,1.0
153,24428,0.5
153,49026,0.5
153,62177,0.5
153,68721,0.5
153,76203,4.0
153,157336,0.5
153,194662,1.0
153,85350,4.0
153,244786,1.0
153,210577,3.5
153,122917,2.5
153,99861,0.5
153,181808,0.5
154,13,5.0
154,607,3.5
154,767,5.0
154,19995,5.0
154,20504,2.5
154,10138,4.0
154,27205,5.0
154,12444,5.0
154,24428,5.0
154,76338,3.5
154,157336,5.0
154,190859,4.0
154,177572,5.0
154,99861,5.0
154,102899,5.0
154,293660,5.0
154,329865,4.5
155,11,4.0
155,679,4.0
155,607,4.0
155,857,4.0
155,550,4.0
155,98,4.0
156,807,3.5
156,629,4.0
156,103,4.0
156,11,1.0
156,680,5.0
156,278,4.5
156,13,3.0
156,78,4.0
156,954,3.5
156,627,4.0
156,238,5.0
156,15,5.0
156,500,4.0
156,769,4.0
156,240,4.0
156,600,4.5
156,607,3.0
156,115,3.0
156,1366,3.5
156,117,3.0
156,603,3.0
156,14,4.5
156,492,5.0
156,98,3.5
156,12,4.0
156,22,4.0
156,153,4.5
157,550,5.0
159,197,3.0
159,680,0.5
159,278,4.5
159,13,4.0
159,14,4.0
159,550,3.0
159,497,0.5
159,808,4.0
159,585,4.0
159,12,4.5
159,38,0.5
159,809,4.0
159,4922,4.0
159,19995,4.0
159,62177,3.5
159,210577,2.0
159,257211,4.5
160,807,5.0
160,629,4.0
160,197,4.0
160,103,5.0
160,1572,3.0
160,11,5.0
160,101,1.0
160,680,5.0
160,13,3.0
160,78,5.0
160,280,5.0
160,954,1.0
160,627,5.0
160,238,5.0
160,562,2.0
160,679,1.0
160,769,4.0
160,348,2.0
160,240,5.0
160,600,4.0
160,694,2.5
160,607,2.0
160,857,5.0
160,117,3.0
160,2109,1.0
160,603,4.0
160,745,5.0
160,14,5.0
160,550,4.5
160,492,5.0
160,497,4.0
160,98,5.0
160,955,2.0
160,808,4.0
160,120,2.0
160,557,0.5
160,121,1.5
160,604,2.0
161,278,5.0
162,629,4.0
162,680,3.0
162,278,5.0
162,13,5.0
164,197,5.0
164,280,5.0
164,562,5.0
164,679,5.0
164,607,5.0
164,98,5.0
165,197,4.0
165,238,3.0
165,240,3.0
165,857,3.0
165,117,4.0
165,603,4.0
165,9532,3.0
165,2501,4.0
165,121,5.0
165,640,4.0
166,807,4.0
166,629,5.0
166,11,4.5
166,101,4.5
166,680,4.5
166,278,4.5
166,13,4.0
166,954,3.0
166,627,4.0
166,238,4.5
166,15,4.5
166,562,4.0
166,500,4.0
166,348,4.0
166,240,4.5
166,600,3.5
166,694,4.0
166,607,4.0
166,857,4.5
166,603,4.0
166,745,4.0
166,14,4.0
166,550,4.5
166,492,4.5
166,497,4.0
166,98,3.5
166,955,3.5
166,808,4.5
166,585,4.0
166,120,3.5
166,557,4.5
166,2501,4.5
166,121,4.5
166,640,4.0
166,12,4.5
166,153,5.0
166,24,4.5
166,38,5.0
166,809,4.0
166,2502,5.0
166,561,4.0
166,272,5.0
166,254,3.5
166,1422,5.0
166,9693,4.5
166,36557,5.0
166,1372,4.0
166,675,4.5
167,197,3.5
167,11,4.0
167,680,3.0
167,278,5.0
167,13,3.0
167,78,3.5
167,627,4.5
167,679,1.5
167,348,2.0
167,607,3.5
167,115,4.0
167,857,3.5
167,745,3.0
167,14,3.0
167,808,4.5
167,585,4.5
167,120,5.0
167,557,4.0
167,2501,4.5
167,121,4.5
167,12,3.5
167,22,4.5
167,587,4.5
167,809,4.0
167,2502,3.5
167,272,5.0
167,58,3.5
168,103,4.5
168,680,4.5
168,13,4.0
168,238,5.0
168,15,5.0
168,500,5.0
168,769,5.0
168,240,5.0
168,600,4.5
168,14,5.0
168,492,4.5
168,598,4.5
168,16869,5.0
168,37799,3.5
169,278,5.0
169,13,4.5
169,207,5.0
169,607,3.5
169,857,5.0
169,603,4.5
169,745,4.0
169,497,4.5
169,808,5.0
169,585,5.0
169,120,4.5
169,557,4.0
169,121,4.5
169,640,5.0
169,423,4.5
169,604,4.0
169,12,5.0
169,22,4.5
169,153,4.5
169,24,3.0
169,587,4.0
169,809,5.0
169,2502,3.5
170,197,4.0
170,680,2.0
170,278,5.0
170,13,4.0
171,807,5.0
171,103,5.0
171,11,4.0
171,680,5.0
171,278,5.0
171,1607,5.0
171,78,5.0
171,954,3.0
171,238,5.0
171,500,5.0
171,348,5.0
171,207,5.0
172,607,3.5
172,745,4.5
172,98,4.0
173,197,3.0
173,680,1.0
173,13,5.0
173,280,3.0
174,629,3.0
174,1572,3.0
174,680,3.0
174,13,3.0
174,280,4.0
174,954,5.0
176,807,5.0
176,197,5.0
176,1572,4.0
176,680,3.0
176,278,5.0
176,280,5.0
177,807,4.5
177,629,4.0
177,11,2.5
177,680,5.0
177,278,5.0
177,13,5.0
177,954,4.0
177,238,5.0
177,15,2.5
177,562,4.0
177,500,4.0
177,769,4.0
177,348,2.5
177,240,4.0
177,694,4.0
177,607,3.5
177,115,3.0
177,117,2.5
177,603,3.0
177,14,4.0
177,550,4.0
177,492,3.0
177,955,3.5
177,9679,3.0
177,808,4.0
177,585,5.0
177,120,2.0
177,557,3.5
177,2501,3.5
177,121,2.0
177,640,4.5
177,598,3.5
177,604,2.5
177,12,4.0
177,22,5.0
177,153,4.0
177,24,3.5
177,38,4.0
177,809,4.0
177,2502,4.0
177,561,2.5
177,272,4.0
177,254,2.5
177,591,3.5
177,58,3.0
177,1422,4.0
177,1372,4.0
177,2062,4.0
177,559,1.0
177,285,4.5
177,675,5.0
177,155,5.0
177,1726,3.5
177,13223,3.0
177,4922,3.5
177,16869,3.5
177,767,5.0
177,19995,2.5
177,10528,4.5
177,11324,5.0
177,10138,3.5
177,27205,5.0
177,37799,4.0
177,12444,5.0
177,10195,4.0
177,12445,5.0
177,24428,4.0
177,49026,4.0
177,62177,4.0
177,76203,4.0
177,76338,3.5
177,240832,2.0
177,85350,2.5
177,210577,4.0
177,190859,4.5
177,177572,5.0
177,205596,4.0
177,131631,5.0
178,807,4.5
178,629,4.5
178,197,4.0
178,680,4.5
178,278,5.0
178,13,4.5
178,280,4.0
178,769,4.0
178,857,5.0
178,603,4.5
178,14,5.0
178,550,4.5
178,120,4.0
178,121,4.0
178,423,4.5
178,598,5.0
178,22,2.5
178,38,4.5
179,807,4.0
179,197,5.0
179,1572,4.0
179,680,4.0
179,278,5.0
179,13,5.0
179,280,5.0
179,954,3.0
180,11,4.5
180,769,4.5
180,603,3.5
180,550,4.5
180,120,4.5
181,807,3.0
181,197,3.0
181,1572,3.0
181,101,3.0
181,680,2.0
181,13,5.0
182,807,4.0
182,629,4.5
182,197,3.5
182,103,4.5
182,1572,3.0
182,11,3.5
182,101,4.5
182,680,5.0
182,278,4.5
182,13,5.0
182,78,4.0
182,280,2.0
182,954,4.0
182,627,4.5
182,238,4.5
182,15,3.5
182,562,4.0
182,500,5.0
182,679,4.5
182,769,5.0
182,348,4.5
182,240,4.5
182,600,5.0
182,207,4.5
182,694,4.5
182,607,2.5
182,4995,4.5
182,115,4.5
182,857,3.0
182,117,4.5
182,2109,3.5
182,9535,2.5
182,603,5.0
182,745,4.0
182,14,5.0
182,550,5.0
182,492,5.0
182,497,4.0
182,9532,4.0
182,98,3.5
182,955,2.5
182,9679,2.5
182,808,4.0
182,585,4.5
182,120,3.0
182,557,3.0
182,2501,2.0
182,121,3.0
182,423,4.5
182,598,4.0
182,604,2.0
182,22,2.5
182,153,4.5
182,24,4.0
182,587,4.0
182,1954,4.0
182,38,4.5
182,809,3.0
182,272,3.5
183,197,5.0
183,280,5.0
183,238,3.0
183,562,4.0
183,679,5.0
183,348,4.0
183,600,4.0
183,607,4.0
183,857,5.0
183,117,5.0
184,423,4.5
184,272,4.0
184,155,5.0
184,1726,4.0
184,10138,3.0
184,27205,4.5
184,37799,4.5
184,10195,3.0
184,24428,4.5
184,49026,4.0
184,76493,4.0
184,68721,4.0
184,76338,2.5
184,157336,5.0
184,85350,4.5
184,244786,5.0
184,198663,2.5
184,190859,3.0
184,205596,4.0
184,99861,3.5
184,102899,4.0
184,284054,4.0
184,299536,5.0
184,283995,4.5
184,271110,4.5
184,284052,4.5
184,372058,3.5
184,329865,5.0
184,335984,4.5
185,2501,4.0
185,121,4.0
186,11,4.0
186,78,4.0
186,280,5.0
186,954,4.0
186,679,5.0
186,348,4.0
186,607,4.0
186,603,3.0
186,9532,4.0
186,98,4.0
186,808,5.0
186,120,5.0
186,557,4.0
187,807,4.0
187,629,4.5
187,197,3.0
187,103,4.5
187,11,4.0
187,680,4.5
187,278,3.0
187,13,2.0
187,78,4.5
187,627,3.5
187,500,4.5
187,679,4.5
187,348,4.0
187,600,4.5
187,694,4.5
187,607,2.0
187,4995,4.0
187,115,5.0
187,603,4.0
187,14,4.0
187,550,3.0
187,492,5.0
187,98,2.0
187,120,4.5
187,557,2.0
187,121,4.5
187,604,2.0
187,12,2.5
187,153,4.5
187,24,4.0
187,587,2.0
187,38,4.0
187,254,4.0
187,36557,4.0
188,13,5.0
188,14,3.0
189,278,4.0
189,13,4.0
189,603,4.0
189,745,4.0
189,550,4.0
189,98,4.0
189,120,4.0
189,121,4.0
189,272,3.5
189,1422,4.0
189,155,5.0
189,27205,4.5
189,49026,3.5
190,278,4.0
190,238,4.5
190,240,4.0
190,603,3.0
190,550,4.0
190,808,3.5
190,585,4.0
190,640,4.0
190,598,5.0
190,12,3.5
190,22,3.0
190,153,5.0
190,24,4.0
190,38,5.0
190,767,5.0
190,27205,4.0
190,12444,5.0
190,12445,5.0
190,131631,4.0
191,807,4.0
191,629,5.0
191,197,3.0
191,103,5.0
191,101,5.0
191,680,5.0
191,278,4.0
192,807,3.0
192,197,3.0
192,680,3.0
192,13,5.0
193,11,5.0
193,680,4.0
193,278,3.5
193,13,3.0
193,627,4.0
193,238,4.5
193,14,2.5
193,550,3.0
193,598,4.0
193,587,3.5
195,629,5.0
195,103,2.0
195,1572,2.0
195,11,4.0
195,680,5.0
195,278,5.0
195,280,3.0
195,954,5.0
195,627,4.0
195,562,5.0
195,500,5.0
195,769,5.0
195,600,4.0
195,33,5.0
195,4995,4.0
195,115,4.0
195,857,3.0
195,603,3.0
195,745,5.0
195,14,4.0
195,98,4.0
195,955,3.0
195,9679,3.0
195,808,3.0
196,197,3.5
196,562,4.5
196,348,4.5
196,857,3.0
196,603,5.0
196,745,3.0
196,98,5.0
196,2501,4.0
196,121,3.0
196,423,3.0
196,254,2.0
196,155,5.0
196,1726,4.5
196,157336,3.5
196,286217,4.5
197,629,3.0
197,101,5.0
197,680,5.0
197,278,4.0
197,13,3.0
197,78,5.0
197,280,5.0
197,238,2.0
197,769,3.0
197,857,3.0
197,603,5.0
198,807,5.0
198,629,5.0
198,197,3.0
198,11,5.0
198,680,5.0
198,278,5.0
198,13,5.0
198,78,3.0
198,280,3.0
198,954,3.0
198,627,4.0
198,15,5.0
198,500,5.0
198,679,3.0
198,769,4.0
198,348,2.0
198,240,3.0
198,207,5.0
198,694,3.0
198,607,4.0
198,115,3.0
198,857,4.0
198,603,5.0
198,745,1.0
198,14,5.0
198,550,5.0
198,492,3.0
198,497,5.0
198,98,3.0
198,585,3.0
198,120,2.0
198,557,3.0
199,807,3.0
199,629,4.0
199,103,3.0
199,11,4.0
199,101,3.5
199,680,4.0
199,278,4.0
199,13,2.0
199,78,5.0
199,280,3.5
199,627,3.5
199,238,4.0
199,15,5.0
199,500,4.0
199,769,4.0
199,348,4.0
199,607,4.0
199,1366,4.0
199,857,4.0
199,9535,4.0
199,603,4.0
199,745,4.0
199,14,5.0
199,492,4.0
199,98,4.0
199,557,3.0
199,2501,4.0
199,640,4.0
199,423,5.0
199,598,4.0
199,604,2.5
199,38,4.0
199,652,3.5
199,2502,3.0
199,1422,4.0
199,13223,3.5
200,807,4.0
200,197,4.5
200,1572,4.0
200,11,5.0
200,680,5.0
200,278,5.0
200,13,4.0
200,954,3.5
200,562,3.5
200,769,4.0
200,348,3.5
200,607,4.0
200,603,5.0
200,14,3.5
200,550,5.0
200,98,4.0
200,955,3.5
200,9679,4.0
200,808,3.0
200,585,3.5
200,120,4.0
200,557,3.5
200,2501,4.0
200,121,4.5
200,640,4.5
200,604,5.0
200,12,4.0
200,22,4.0
200,24,5.0
200,38,4.5
200,652,4.0
200,809,3.5
200,2502,4.0
200,272,4.0
200,58,5.0
200,9693,3.5
200,36557,5.0
200,1372,4.0
200,2062,4.5
200,285,4.0
200,675,4.0
200,155,5.0
200,1726,4.5
201,11,5.0
201,101,3.0
201,680,5.0
201,13,5.0
201,280,5.0
201,769,4.0
201,607,4.0
201,115,2.0
201,857,5.0
201,745,5.0
201,14,5.0
202,629,4.0
202,197,4.0
202,11,4.0
202,101,5.0
202,680,4.0
202,278,4.0
202,13,5.0
202,78,5.0
202,280,5.0
202,954,3.0
202,238,4.0
202,15,5.0
202,562,4.0
202,500,5.0
202,679,5.0
202,348,4.0
202,240,4.0
202,207,4.0
202,33,5.0
202,607,4.0
202,1366,4.0
202,857,4.0
202,117,4.0
202,603,4.0
202,745,5.0
202,14,4.0
202,550,5.0
202,492,5.0
202,497,4.0
203,197,5.0
203,680,5.0
203,278,4.0
203,603,2.5
203,98,5.0
203,808,4.0
203,585,4.0
203,120,5.0
203,2501,5.0
203,121,5.0
203,652,4.5
203,2502,5.0
203,36557,3.0
203,6479,4.0
203,1726,3.0
204,807,5.0
204,101,4.5
204,680,4.5
204,238,4.0
204,500,4.5
204,600,5.0
204,603,4.5
204,14,4.0
204,550,5.0
204,808,4.0
204,585,3.5
204,120,4.0
204,423,4.0
204,24,4.5
204,587,5.0
204,38,4.5
204,272,4.0
204,155,4.0
204,16869,5.0
204,37799,4.5
205,11,4.5
205,13,4.0
205,600,3.5
205,24,4.5
205,675,3.5
205,16869,4.0
205,767,4.0
205,10138,4.0
205,12444,4.0
205,12445,4.0
205,62177,4.0
205,37724,3.0
206,954,3.0
207,14,5.0
208,197,4.0
208,280,4.0
208,857,5.0
208,603,5.0
208,745,4.0
209,278,5.0
209,13,4.5
209,857,4.0
209,603,5.0
209,745,4.0
209,14,4.5
209,550,4.5
209,98,4.0
209,120,5.0
209,121,5.0
209,13223,4.5
209,16869,5.0
209,11324,4.5
209,27205,5.0
209,12445,4.5
209,37724,4.0
209,140607,3.5
210,11,5.0
210,680,0.5
210,280,4.0
210,603,5.0
210,497,4.0
210,808,4.0
210,120,4.0
210,557,4.5
210,121,4.0
210,604,4.5
210,22,4.5
210,561,3.0
210,2062,4.0
210,559,4.0
210,6479,2.5
210,155,4.0
210,1726,4.5
210,767,4.5
210,19995,5.0
210,10138,4.5
210,12445,4.5
210,24428,4.5
210,62177,3.0
210,68721,4.5
210,205596,5.0
210,140607,5.0
210,102899,4.5
210,293660,3.5
210,284054,4.5
210,283995,5.0
210,286217,4.5
210,181808,4.5
211,629,4.0
211,11,4.5
211,680,4.5
211,278,5.0
211,13,4.5
211,238,4.5
211,562,4.5
211,240,3.5
211,600,4.0
211,207,4.5
211,857,4.0
211,603,5.0
211,14,4.0
211,550,5.0
211,98,5.0
211,2501,4.0
211,2502,4.0
211,272,4.0
211,9693,3.5
211,36557,4.5
211,1372,4.0
211,155,4.5
211,1726,4.0
211,10764,4.0
211,10528,4.0
211,11324,2.0
211,10138,3.5
211,27205,4.5
211,24428,5.0
211,49530,4.0
211,49026,5.0
212,11,2.5
212,101,3.0
212,680,3.5
212,278,4.5
212,13,3.5
212,78,3.0
212,280,4.0
212,627,3.0
212,679,3.5
212,694,4.0
212,115,3.0
212,1366,3.5
212,857,2.5
212,603,3.0
212,14,3.5
212,550,4.5
212,98,3.0
212,808,4.0
212,120,3.0
212,121,3.0
212,12,3.5
212,22,3.5
212,24,3.5
212,2502,3.0
212,272,4.0
212,591,3.5
212,2062,3.0
212,285,3.0
212,155,3.5
212,1726,3.0
212,13223,4.0
212,16869,4.0
212,767,3.5
212,19995,3.0
212,10528,3.5
212,10138,3.0
212,27205,3.5
212,37799,4.0
212,12444,4.0
212,12445,3.5
212,24428,4.0
212,49530,2.5
212,49026,3.5
212,37724,4.0
212,146233,4.5
212,157336,4.0
212,194662,3.0
212,244786,4.5
212,198663,2.0
212,177572,4.0
212,205596,3.0
212,76341,3.5
212,140607,3.5
212,99861,4.0
212,293660,3.5
212,284054,3.0
212,283995,4.0
212,271110,3.0
212,284052,4.0
212,286217,4.0
212,214756,2.0
212,263115,4.5
212,293167,3.0
213,280,5.0
213,238,4.0
213,562,4.0
213,348,4.5
213,1366,4.5
213,9532,4.0
213,808,4.5
213,120,4.0
213,2501,4.5
213,121,4.0
213,22,4.0
213,587,5.0
213,809,5.0
213,1372,4.0
213,1571,4.0
213,155,4.5
213,767,2.5
214,954,3.0
215,629,5.0
215,11,4.5
215,680,3.5
215,278,5.0
215,13,3.5
215,627,3.0
215,500,3.0
215,679,2.5
215,207,4.5
215,857,3.0
215,745,4.5
215,14,4.0
215,550,4.5
215,497,4.0
215,120,4.0
215,121,4.0
215,22,4.0
215,38,3.5
215,36557,4.0
216,954,2.0
216,14,5.0
216,492,3.0
216,98,4.0
217,807,2.0
217,629,3.0
217,197,2.0
217,1572,3.0
217,11,5.0
217,680,2.0
217,13,2.0
217,280,3.0
217,954,5.0
217,238,2.0
217,562,4.0
217,500,3.0
217,679,3.0
217,348,3.0
217,240,2.0
217,600,3.0
217,607,5.0
217,1366,2.0
217,857,4.0
217,117,4.0
217,2109,3.0
217,9535,2.0
217,603,3.0
217,745,4.0
218,4995,5.0
218,557,3.0
218,121,4.0
219,807,3.5
219,629,5.0
219,1572,4.5
219,11,5.0
219,101,4.0
219,680,4.0
219,278,5.0
219,78,3.5
219,280,4.5
219,954,4.5
219,627,4.0
219,238,4.5
219,562,5.0
219,500,4.0
219,769,2.5
219,240,4.0
219,207,3.5
219,607,3.0
219,1366,4.5
219,857,4.5
219,117,2.0
219,2109,3.5
219,603,5.0
219,745,2.0
219,14,5.0
219,550,4.5
219,492,4.0
219,98,4.5
219,955,1.0
219,9679,2.5
219,808,4.5
219,5175,2.5
219,585,3.5
219,120,3.5
219,557,3.5
219,2501,4.5
219,121,3.5
219,640,3.5
219,604,3.0
219,12,3.5
219,22,4.5
219,153,4.5
219,24,4.5
219,587,2.5
219,38,4.5
219,652,3.0
219,809,4.0
219,2502,4.5
219,561,3.0
219,272,4.5
219,254,3.5
219,591,2.5
219,58,3.0
219,1422,4.5
219,9693,3.5
219,36557,4.5
219,2062,4.5
219,559,2.5
219,285,4.0
219,1571,4.0
219,675,2.5
219,6479,3.0
219,155,5.0
219,1726,5.0
220,807,3.0
220,629,5.0
220,1572,4.0
220,11,5.0
220,680,5.0
220,278,5.0
220,13,5.0
220,78,2.0
220,280,5.0
220,954,3.0
220,238,5.0
220,562,5.0
220,500,3.5
220,679,5.0
220,769,5.0
220,694,2.0
220,607,5.0
220,115,5.0
220,857,5.0
220,603,5.0
220,745,5.0
220,550,1.5
220,492,5.0
220,497,4.0
220,808,5.0
220,585,4.0
220,557,4.5
220,2501,4.0
220,121,4.5
220,640,4.0
220,604,4.5
220,12,5.0
220,22,5.0
220,24,4.5
220,587,5.0
220,809,5.0
220,2502,4.0
220,272,4.5
220,58,4.0
220,9693,5.0
220,36557,4.0
220,2062,4.5
220,155,5.0
220,1726,4.5
220,10764,3.5
221,629,4.5
221,103,5.0
221,680,5.0
221,278,4.0
221,13,3.5
221,78,5.0
221,280,4.5
221,627,4.5
221,238,4.5
221,15,4.5
221,500,4.5
221,679,5.0
221,769,4.5
221,348,5.0
221,600,4.5
221,694,5.0
221,33,4.5
221,4995,4.5
221,603,2.0
221,745,3.5
221,14,5.0
221,550,5.0
221,492,4.5
221,598,5.0
221,12,4.0
221,22,3.5
221,153,5.0
221,38,4.0
221,272,2.5
222,807,4.0
222,629,3.0
222,197,4.0
222,1572,3.0
222,101,3.0
222,680,4.0
222,13,4.0
222,627,3.5
222,238,4.5
222,562,3.0
222,500,4.0
222,769,4.0
222,240,4.5
222,600,4.0
222,115,3.5
222,1366,3.0
222,857,3.0
222,117,3.0
222,603,4.0
222,745,2.5
222,550,3.5
222,9532,2.5
222,98,4.5
222,955,1.5
222,120,4.0
222,121,3.5
222,640,4.5
222,12,3.0
222,22,3.5
222,153,3.0
222,24,4.0
222,272,3.5
222,591,3.0
222,1422,4.5
222,155,3.5
222,13223,4.0
222,16869,4.5
222,11324,3.5
222,27205,3.5
222,37799,4.0
222,49530,4.0
222,49026,4.5
223,807,3.0
223,197,3.5
223,11,3.5
223,680,3.0
223,278,4.5
223,603,3.5
223,745,4.5
223,492,3.5
223,808,4.0
223,585,4.0
223,557,4.0
223,604,3.0
223,12,3.5
223,153,3.5
223,24,3.5
223,38,3.0
223,809,4.0
223,272,4.0
223,1422,4.0
223,155,4.5
224,11,2.0
224,13,5.0
224,238,4.0
224,857,5.0
225,348,4.0
225,14,3.0
226,807,5.0
226,11,4.5
226,680,4.5
226,13,4.0
226,280,4.0
226,954,3.5
226,562,3.0
226,600,5.0
226,207,4.0
226,694,4.0
226,607,3.5
226,115,5.0
226,1366,3.5
226,2109,3.5
226,603,4.0
226,14,4.0
226,550,4.0
226,492,4.0
226,98,4.0
226,808,4.0
226,585,4.0
226,120,4.0
226,557,4.0
226,2501,4.0
226,121,4.0
226,640,4.5
226,604,3.0
226,12,4.0
226,22,4.5
226,153,4.5
226,24,3.5
226,587,4.5
226,38,4.5
226,652,2.5
226,809,4.0
226,272,4.5
226,591,4.0
226,58,2.5
226,1422,4.5
226,285,2.0
226,675,4.0
226,6479,4.0
227,807,5.0
227,197,3.5
227,11,3.5
227,680,4.5
227,278,4.0
227,13,5.0
227,280,3.5
227,627,5.0
227,238,4.5
227,603,4.5
227,550,5.0
227,12,4.5
227,24,4.0
227,587,5.0
227,9693,4.5
227,36557,3.5
227,155,4.5
227,1726,4.5
227,13223,3.5
227,11324,3.5
227,27205,3.5
227,24428,3.5
227,49026,4.0
227,76203,4.0
227,157336,3.5
227,205596,4.5
227,76341,4.0
227,286217,4.5
228,629,4.5
228,11,4.5
228,278,4.0
228,78,4.0
228,238,4.0
228,348,4.5
228,603,4.5
229,197,5.0
229,1572,3.0
229,680,5.0
229,278,5.0
229,13,4.0
229,280,5.0
229,954,4.0
230,807,3.0
230,278,3.0
230,280,0.5
230,954,2.0
230,679,3.0
230,348,3.5
230,607,3.5
230,745,2.5
230,550,3.0
230,497,3.5
230,98,3.0
230,955,3.0
230,557,4.0
230,121,3.5
230,604,4.0
230,12,4.5
230,22,5.0
230,24,2.0
230,809,2.0
230,272,4.5
230,254,4.0
230,591,3.5
230,58,5.0
230,2062,3.5
231,11,4.0
231,680,4.0
231,280,5.0
231,238,4.0
231,562,5.0
231,679,5.0
231,348,4.0
231,603,5.0
231,14,4.0
231,121,3.0
231,155,5.0
231,157336,3.0
232,807,4.5
232,197,4.5
232,1572,3.5
232,11,4.5
232,680,5.0
232,278,5.0
232,13,4.0
232,280,4.0
232,954,3.0
232,238,4.0
232,562,4.5
232,694,3.5
232,607,3.5
232,1366,4.0
232,857,5.0
232,603,4.5
232,745,5.0
232,550,4.5
232,497,5.0
232,9532,3.0
232,98,5.0
232,9679,3.5
232,808,4.0
232,5175,3.0
232,585,4.0
232,120,3.5
232,557,4.5
232,2501,4.0
232,121,4.0
232,640,4.0
232,423,4.5
232,604,4.0
232,12,4.0
232,22,4.5
232,153,3.5
232,24,3.0
232,587,4.0
232,1954,4.0
232,38,4.0
232,652,5.0
232,809,3.0
232,2502,4.5
232,561,3.0
232,272,4.5
232,254,4.5
232,591,3.5
232,58,3.5
232,1422,4.5
232,9693,4.0
232,36557,2.5
232,1372,4.0
232,2062,4.0
232,559,3.0
232,285,3.5
232,1571,3.5
232,675,2.5
232,6479,3.0
232,155,5.0
232,1726,4.5
232,13223,4.5
232,4922,4.0
232,16869,4.5
232,767,3.5
232,19995,4.0
232,10528,3.5
232,27205,5.0
233,807,3.5
233,629,4.0
233,197,3.0
233,680,4.0
233,278,5.0
233,13,5.0
233,954,3.0
233,627,3.5
233,238,4.0
233,500,2.5
233,694,4.0
233,607,3.0
233,115,4.0
233,857,4.0
233,603,4.5
233,745,3.5
233,14,3.0
233,550,4.0
233,492,4.0
233,497,4.0
233,808,4.0
233,120,4.0
233,2501,4.0
233,121,4.0
233,640,3.5
233,423,4.0
233,598,3.5
233,604,3.0
233,12,4.0
233,22,3.0
233,24,3.5
233,38,5.0
233,652,3.0
233,272,3.5
233,1422,4.0
233,36557,3.5
233,155,4.5
233,1726,3.0
233,13223,3.5
233,16869,3.5
233,19995,2.5
233,10528,3.5
233,11324,4.0
233,27205,3.5
233,49026,3.5
233,157336,3.0
233,194662,4.0
233,228150,2.0
233,76341,2.5
233,293660,3.0
233,299536,2.0
233,271110,2.0
234,11,5.0
234,954,4.0
234,562,4.0
234,679,4.0
234,348,5.0
234,607,4.0
234,857,3.0
234,603,5.0
234,808,5.0
235,197,4.0
235,680,4.0
235,278,4.0
235,13,5.0
235,280,4.0
235,954,3.0
236,348,5.0
236,14,5.0
237,629,2.5
237,101,4.0
237,278,4.5
237,13,2.0
237,607,4.5
237,603,4.0
237,14,3.5
237,12,3.0
237,22,3.0
237,38,4.0
237,2502,3.5
237,155,3.5
238,238,3.0
238,240,4.0
238,33,3.0
239,807,5.0
239,629,4.5
239,197,4.5
239,11,5.0
239,101,4.5
239,680,5.0
239,278,5.0
239,13,5.0
239,78,4.0
239,280,3.5
239,954,4.0
239,627,4.5
239,238,5.0
239,562,4.0
239,500,5.0
239,679,4.0
239,769,5.0
239,348,4.0
239,240,5.0
239,600,5.0
239,207,4.0
239,33,4.5
239,607,4.0
239,4995,3.0
239,1366,3.5
239,857,5.0
239,117,4.0
239,603,5.0
239,14,5.0
239,550,5.0
239,497,4.5
239,98,4.5
239,955,4.0
239,9679,3.5
239,808,4.0
239,585,4.5
239,120,5.0
239,557,4.5
239,2501,5.0
239,121,5.0
239,640,4.0
239,604,5.0
239,12,4.5
239,22,4.0
239,24,4.0
239,587,3.5
239,1954,3.5
239,809,4.0
239,2502,5.0
239,272,4.5
239,591,3.5
239,58,3.5
239,1422,4.5
239,9693,3.0
239,1372,4.0
239,2062,4.0
239,559,3.5
239,285,4.0
239,675,4.0
239,6479,3.0
239,155,4.5
239,1726,4.5
240,197,5.0
240,1572,5.0
240,680,2.0
240,278,3.0
240,13,5.0
240,280,4.0
241,807,4.0
241,629,4.0
241,680,4.5
241,278,3.5
241,238,4.5
241,240,4.0
241,857,3.0
241,603,4.0
241,745,3.5
241,14,3.5
241,550,3.0
241,492,3.5
241,598,3.5
241,38,4.0
241,16869,4.5
241,194662,4.5
241,85350,4.5
241,244786,4.5
241,210577,3.5
241,242582,4.5
241,205596,3.0
242,807,5.0
242,103,4.0
242,680,5.0
242,278,4.0
243,1572,5.0
243,13,4.0
243,280,4.0
243,954,5.0
244,197,5.0
244,1572,2.0
244,13,5.0
244,78,4.0
244,280,4.0
244,954,4.0
244,679,5.0
244,607,4.0
244,857,5.0
244,603,4.0
244,98,5.0
245,238,2.0
246,629,4.5
246,11,5.0
246,101,4.0
246,680,4.0
246,13,3.5
246,78,5.0
246,280,5.0
246,207,4.0
246,115,3.0
246,603,5.0
246,550,4.0
246,585,4.5
246,120,5.0
246,121,5.0
246,598,3.5
246,604,4.5
246,12,5.0
246,22,5.0
246,24,4.5
246,587,5.0
246,38,5.0
246,254,3.0
246,591,3.0
246,58,4.5
246,36557,5.0
246,559,3.0
246,285,4.5
246,1726,4.0
246,10764,4.5
246,16869,5.0
246,19995,4.0
246,27205,5.0
246,37799,4.0
246,10195,4.0
246,24428,4.0
246,62177,4.0
246,37724,4.5
247,807,4.0
247,629,5.0
247,197,4.0
247,11,4.0
247,101,4.0
247,680,4.0
247,278,4.5
247,13,5.0
247,280,3.5
247,238,4.0
247,15,4.0
247,500,4.0
247,769,3.5
247,240,4.0
247,207,3.0
247,694,4.0
247,857,4.0
247,603,3.5
247,745,4.5
247,14,4.0
247,550,5.0
247,497,5.0
247,98,4.0
247,808,3.5
247,585,4.0
247,120,4.0
247,557,2.0
247,2501,4.0
247,121,4.0
247,640,3.5
247,598,4.0
247,604,3.0
247,12,4.0
247,22,4.0
247,24,3.5
247,38,4.0
247,272,4.0
247,1422,4.5
247,9693,3.0
247,36557,3.0
247,675,5.0
247,155,4.0
247,1726,2.0
247,16869,4.0
247,767,5.0
247,19995,2.0
247,10528,3.0
247,11324,4.0
247,27205,4.0
247,12444,5.0
247,12445,5.0
247,24428,3.0
247,49026,4.0
247,157336,4.0
247,177572,4.5
247,205596,4.0
247,87101,2.5
247,76341,2.0
247,140607,3.5
247,293660,3.0
247,286217,4.0
248,11,3.5
248,603,4.0
248,808,3.5
248,585,3.5
248,604,3.5
248,12,3.5
248,22,4.0
248,272,3.0
248,58,4.0
248,285,4.0
248,155,2.5
248,1726,4.0
248,177572,3.5
248,131631,3.5
248,293660,4.5
248,299536,4.0
248,283995,4.0
248,284052,4.0
248,329865,3.0
248,335984,2.5
249,807,5.0
249,629,4.0
249,197,5.0
249,103,4.5
249,11,5.0
249,101,5.0
249,680,4.0
249,278,4.5
249,13,4.5
249,1607,3.5
249,78,4.0
249,280,4.0
249,954,3.5
249,627,4.5
249,238,4.5
249,562,4.0
249,500,4.0
249,679,3.5
249,769,4.0
249,348,4.5
249,240,4.0
249,694,3.5
249,607,4.5
249,115,4.5
249,1366,4.5
249,857,4.5
249,117,4.5
249,2109,4.0
249,9535,3.5
249,603,5.0
249,745,4.0
249,14,4.5
249,550,5.0
249,492,4.0
249,497,4.0
249,9532,4.0
249,98,4.0
249,955,3.5
249,9679,4.0
249,808,3.5
249,5175,4.0
249,585,4.0
249,120,5.0
249,557,4.0
249,2501,4.0
249,121,4.5
249,640,3.5
249,423,3.5
249,604,3.5
249,12,4.0
249,22,4.0
249,153,4.5
249,24,4.5
249,1954,4.0
249,38,4.0
249,652,3.5
249,809,3.5
249,2502,4.0
249,561,4.0
249,272,4.0
249,254,3.5
249,591,3.5
249,58,3.5
249,1422,5.0
249,9693,4.5
249,36557,3.5
249,1372,3.5
249,2062,4.5
249,559,3.5
249,285,3.5
249,1571,4.0
249,675,4.0
249,6479,4.0
249,155,5.0
249,1726,4.5
249,10764,3.5
249,13223,4.5
249,16869,5.0
249,767,4.0
249,19995,4.0
249,10528,4.5
249,11324,5.0
249,10138,3.5
249,27205,5.0
249,37799,4.0
249,12444,4.0
249,10195,4.0
249,12445,4.0
249,24428,5.0
249,49530,3.5
249,49026,4.0
249,76493,4.0
249,70981,4.5
249,62177,4.0
249,72105,3.5
249,37724,4.0
249,77016,4.0
249,68721,4.0
249,72190,4.0
249,146233,5.0
249,76338,4.0
249,110415,4.5
249,157336,5.0
249,240832,3.0
249,244786,5.0
249,210577,5.0
249,119450,4.5
249,198663,4.0
249,228150,4.5
249,242582,5.0
249,177572,3.5
249,205596,4.0
249,131631,4.0
249,227159,4.0
249,122917,4.0
249,228967,4.0
249,198184,3.5
249,87101,3.5
249,76341,5.0
249,140607,4.5
249,99861,4.5
249,102899,4.0
249,293660,4.5
249,284054,4.5
249,299536,4.5
249,283995,4.5
249,271110,4.5
249,284052,4.5
249,286217,4.0
249,329865,5.0
249,263115,5.0
249,293167,4.0
249,335984,4.5
249,181808,4.5
250,278,5.0
250,207,5.0
250,585,4.0
251,807,5.0
251,103,4.5
251,101,5.0
251,680,5.0
251,278,5.0
251,13,5.0
251,500,5.0
251,857,5.0
251,603,5.0
251,550,5.0
251,2062,2.5
252,12,5.0
252,2062,4.5
252,27205,3.5
252,24428,2.5
252,62177,4.5
252,177572,4.0
252,140607,4.0
252,284052,4.0
252,329865,5.0
253,598,4.5
253,19995,2.0
254,807,4.5
254,629,4.5
254,197,4.0
254,11,4.0
254,101,4.5
254,680,5.0
254,278,4.5
254,13,5.0
254,280,4.0
254,954,3.5
254,238,4.0
254,500,4.0
254,679,4.0
254,348,4.0
254,694,5.0
254,607,2.5
254,857,5.0
254,603,5.0
254,745,5.0
254,14,5.0
254,550,5.0
254,98,4.5
254,808,5.0
254,585,4.0
254,120,4.5
254,557,1.0
254,121,4.0
254,423,4.5
254,12,4.5
254,22,4.0
254,24,5.0
254,38,4.5
254,809,4.5
254,272,4.5
254,1422,5.0
254,9693,4.0
254,36557,4.5
254,1372,4.0
255,14,1.0
256,11,4.0
256,101,5.0
256,278,5.0
256,603,4.5
256,9679,4.0
256,808,4.5
256,5175,4.5
256,640,4.5
256,24,3.5
256,38,5.0
256,809,4.0
256,561,4.0
256,1571,4.5
256,6479,4.0
256,4922,4.5
256,16869,4.5
256,19995,4.5
256,20504,4.0
256,49530,3.5
256,72105,3.5
256,37724,4.0
256,157336,4.0
256,119450,4.0
256,205596,4.0
256,270946,3.5
256,122917,3.5
256,181533,4.0
256,76341,4.0
256,158852,4.0
256,286217,4.5
257,121,3.0
258,278,5.0
258,603,5.0
258,745,4.5
258,550,5.0
258,497,5.0
258,640,5.0
258,587,5.0
258,9693,4.5
258,177572,5.0
258,140607,0.5
258,293660,5.0
258,283995,3.5
259,808,5.0
259,585,4.0
259,120,0.5
259,153,5.0
259,38,4.0
260,807,4.5
260,629,5.0
260,103,5.0
260,680,4.5
260,627,4.5
260,500,5.0
260,694,3.5
260,550,4.0
260,492,4.5
260,98,2.0
260,598,4.0
260,153,4.0
260,24,4.5
260,38,3.5
261,807,4.0
261,629,4.0
261,680,5.0
261,278,4.5
261,13,5.0
261,500,4.5
261,600,4.0
261,857,4.0
261,117,5.0
261,2109,2.5
261,603,4.0
261,14,5.0
261,640,5.0
261,24,3.5
261,38,5.0
261,155,5.0
261,27205,4.5
261,37799,3.0
261,37724,4.0
262,629,3.0
262,11,4.0
262,680,3.0
262,278,3.0
262,1607,3.0
263,197,4.0
263,680,3.0
263,278,5.0
263,13,4.0
263,607,3.0
263,857,4.0
263,9535,3.0
263,603,4.0
263,14,4.0
263,497,4.0
263,808,4.5
263,585,4.5
263,120,4.5
263,557,4.0
263,121,4.0
263,12,4.5
263,22,4.0
263,153,4.5
263,587,4.0
263,38,4.5
263,652,3.0
263,809,4.0
264,197,2.5
264,13,3.5
264,954,3.0
264,607,4.5
264,603,4.5
264,745,4.5
264,98,2.0
264,955,2.0
264,585,5.0
264,121,4.5
265,197,3.0
265,103,3.0
265,11,5.0
265,278,4.0
265,78,4.0
265,280,4.0
265,15,4.0
265,348,2.0
265,207,3.0
265,607,3.0
265,1366,5.0
265,857,4.0
265,603,5.0
265,14,2.0
266,629,4.0
266,197,5.0
266,11,4.0
266,680,5.0
266,13,4.0
266,78,5.0
266,280,4.0
266,627,5.0
266,562,4.0
266,500,5.0
266,679,5.0
266,769,5.0
266,600,5.0
266,33,5.0
266,607,3.0
266,115,5.0
266,857,4.0
266,117,5.0
266,9535,4.0
266,603,5.0
266,550,5.0
267,197,4.0
267,11,5.0
267,78,5.0
267,280,5.0
267,15,2.0
267,679,5.0
267,603,5.0
267,745,2.0
267,14,4.0
267,98,5.0
268,807,3.0
268,629,5.0
268,1572,2.0
268,11,4.0
268,13,2.0
268,238,5.0
268,562,3.0
268,769,5.0
268,240,4.0
268,600,2.0
268,607,3.0
268,4995,5.0
268,9535,3.0
268,603,5.0
268,745,4.0
268,14,5.0
269,954,3.0
269,627,4.0
270,954,3.0
271,679,4.0
271,348,4.0
271,14,2.5
272,278,4.0
272,280,3.5
272,607,4.0
272,603,4.0
272,497,4.5
272,120,2.0
272,604,3.5
272,36557,2.5
272,2062,3.5
272,24428,4.0
272,157336,3.5
272,284052,2.0
273,103,4.0
273,680,4.0
273,280,5.0
274,807,4.0
274,629,4.0
274,197,4.5
274,103,3.0
274,1572,4.0
274,11,3.0
274,101,4.5
274,680,5.0
274,278,4.5
274,13,4.5
274,1607,4.0
274,78,2.5
274,280,4.5
274,954,3.5
274,627,4.0
274,238,3.5
274,15,3.0
274,562,4.0
274,500,4.5
274,679,4.0
274,769,4.0
274,348,4.0
274,240,3.5
274,600,4.0
274,694,4.5
274,33,3.5
274,607,3.0
274,115,3.5
274,857,4.0
274,117,3.0
274,2109,2.5
274,9535,3.0
274,603,4.0
274,745,4.0
274,14,5.0
274,550,5.0
274,492,4.0
274,497,3.5
274,9532,3.5
274,98,3.5
274,955,2.0
274,9679,3.5
274,808,3.5
274,5175,3.0
274,585,3.5
274,120,3.0
274,557,3.0
274,2501,3.5
274,121,3.5
274,640,4.0
274,598,4.0
274,604,3.0
274,12,4.0
274,22,4.0
274,153,3.0
274,24,5.0
274,1954,3.5
274,38,5.0
274,652,4.0
274,809,4.0
274,2502,2.5
274,561,3.0
274,272,3.5
274,254,3.0
274,591,3.0
274,58,3.0
274,1422,4.0
274,9693,3.5
274,36557,4.0
274,1372,4.0
274,2062,3.5
274,1255,3.5
274,559,3.5
274,285,3.5
274,1571,4.0
274,675,3.0
274,6479,4.0
274,155,4.5
274,1726,3.5
274,10764,3.5
274,13223,4.0
274,4922,3.5
274,16869,5.0
274,767,3.5
274,19995,3.0
274,10528,3.5
274,20504,3.5
274,11324,4.5
274,10138,3.0
274,27205,5.0
274,37799,3.0
274,12444,3.5
274,10195,2.0
275,629,4.0
275,103,3.0
275,11,4.0
275,680,5.0
275,278,4.0
275,13,3.0
275,78,5.0
275,627,5.0
275,238,5.0
275,15,5.0
275,500,5.0
275,769,5.0
275,240,4.0
275,600,5.0
275,33,5.0
275,607,3.0
275,9535,4.0
275,603,5.0
275,14,4.0
275,550,5.0
275,492,5.0
275,98,4.0
275,808,3.0
275,585,4.0
275,120,4.0
275,557,4.0
275,2501,4.0
275,121,4.0
276,11,5.0
276,13,5.0
276,954,5.0
277,11,4.0
278,629,5.0
278,278,5.0
279,629,3.5
279,197,4.0
279,11,5.0
279,680,5.0
279,278,4.5
279,13,3.0
279,78,5.0
279,280,4.0
279,954,4.0
279,238,4.0
279,562,5.0
279,679,4.5
279,769,3.5
279,348,5.0
279,600,4.0
279,694,5.0
279,115,4.0
279,857,4.0
279,603,4.5
279,14,3.5
279,550,3.5
279,98,3.5
279,585,3.0
279,120,4.0
279,2501,3.5
279,121,5.0
279,24,3.0
279,2502,3.0
279,272,4.0
279,1422,4.0
279,9693,4.5
279,36557,3.5
279,155,4.0
279,1726,2.5
279,13223,4.0
279,16869,4.0
279,19995,2.0
279,10528,3.0
279,11324,4.0
279,27205,4.0
279,37799,3.5
279,24428,3.0
279,49530,3.5
279,49026,5.0
279,70981,3.0
279,37724,5.0
279,146233,5.0
279,110415,3.0
279,157336,5.0
279,156022,4.0
279,194662,4.5
279,244786,3.5
279,210577,4.0
279,242582,4.5
279,76341,4.5
279,140607,3.5
279,293660,4.0
279,271110,3.0
279,286217,3.0
279,329865,4.0
279,263115,4.0
280,629,4.5
280,13,4.0
280,769,5.0
280,607,3.5
280,745,4.5
280,808,4.5
280,640,4.5
280,12,4.5
280,22,3.5
280,587,4.0
280,591,4.0
280,58,3.5
280,1422,5.0
280,1372,4.5
280,155,4.5
280,13223,4.0
280,4922,3.5
280,27205,4.0
280,37799,3.5
280,76493,1.5
281,1607,3.5
281,14,3.5
282,629,4.5
282,103,4.0
282,11,4.0
282,680,4.0
282,278,4.5
282,13,4.5
282,280,4.5
282,954,3.0
282,238,5.0
282,15,1.0
282,500,5.0
282,769,4.5
282,240,5.0
282,600,4.0
282,694,4.0
282,607,4.0
282,115,4.0
282,1366,4.0
282,857,4.5
282,117,4.5
282,9535,4.0
282,603,5.0
282,745,4.5
282,14,4.5
282,550,4.5
282,492,4.5
282,497,4.0
282,98,4.0
282,9679,3.5
282,808,4.5
282,585,4.5
282,557,4.0
282,2501,4.5
282,640,5.0
282,423,4.0
282,12,5.0
282,22,4.0
282,153,3.5
282,24,3.0
282,809,4.0
282,2502,4.0
282,1422,4.5
282,36557,4.0
282,1372,4.5
282,2062,5.0
282,155,5.0
282,1726,3.5
282,16869,3.5
282,19995,4.0
282,10528,2.5
282,27205,4.5
282,37799,3.5
282,49026,4.0
282,286217,4.0
283,197,5.0
283,278,5.0
283,13,5.0
283,607,4.0
284,807,3.0
284,197,5.0
284,1572,5.0
284,680,4.0
284,278,4.0
284,13,5.0
284,280,5.0
285,103,5.0
285,680,4.0
285,238,5.0
285,423,4.0
286,807,5.0
286,197,5.0
286,1572,4.0
286,680,5.0
286,13,4.5
286,627,3.5
286,562,4.5
286,694,4.5
286,607,3.0
286,115,3.0
286,857,4.5
286,603,4.5
286,745,5.0
286,550,5.0
286,492,4.5
286,497,5.0
286,98,3.5
286,808,3.5
286,120,4.5
286,557,3.5
286,121,4.5
286,640,3.5
286,604,1.5
286,12,5.0
286,22,4.0
286,24,5.0
286,38,5.0
287,629,3.5
287,197,1.5
287,954,1.0
287,115,3.5
287,857,3.5
287,745,2.0
287,550,4.0
287,492,4.0
287,98,2.5
287,808,1.5
287,120,4.0
287,121,4.0
287,640,2.5
287,153,5.0
288,807,3.5
288,197,5.0
288,103,3.5
288,11,5.0
288,680,5.0
288,278,5.0
288,13,5.0
288,78,4.0
288,280,4.0
288,954,1.0
288,15,3.5
288,562,3.0
288,679,3.0
288,769,4.0
288,348,3.0
288,600,3.0
288,207,3.0
288,694,3.0
288,33,4.0
288,607,4.0
288,4995,2.0
288,115,5.0
288,1366,5.0
288,857,3.5
288,117,3.0
288,9535,3.5
288,603,3.0
288,745,3.0
288,550,3.5
288,492,4.0
288,497,3.0
288,98,2.0
288,955,1.0
288,808,4.0
288,585,4.5
288,120,5.0
288,557,4.0
288,2501,3.5
288,121,3.5
288,640,3.5
288,12,3.5
288,22,4.0
288,153,3.5
288,24,4.0
288,587,4.5
288,1954,3.5
288,38,4.5
288,809,3.5
288,2502,3.5
288,272,4.5
288,591,3.0
288,58,3.0
288,2062,4.0
288,559,3.5
288,285,2.5
288,675,3.5
288,6479,2.5
288,155,4.5
288,1726,4.0
288,19995,4.0
289,694,4.0
290,629,4.0
290,103,5.0
290,11,5.0
290,680,5.0
290,278,5.0
290,78,3.0
290,238,5.0
290,15,5.0
290,500,4.0
290,769,5.0
290,348,4.0
290,240,5.0
290,694,4.0
290,33,4.0
290,857,4.0
290,745,4.0
290,14,4.0
290,550,3.0
291,120,3.0
291,2062,5.0
291,675,5.0
291,155,5.0
291,1726,4.0
291,767,5.0
291,19995,5.0
291,10138,4.0
291,12444,5.0
291,10195,4.0
291,12445,5.0
291,24428,5.0
291,68721,4.0
291,76338,4.0
291,122917,4.0
291,99861,4.0
291,293660,5.0
292,197,2.5
292,103,2.0
292,1572,3.5
292,11,4.0
292,680,3.0
292,278,5.0
292,13,4.5
292,78,3.5
292,280,4.0
292,238,4.0
292,15,1.5
292,562,4.0
292,348,3.0
292,240,4.0
292,607,4.0
292,857,4.0
292,603,4.0
292,745,4.0
292,550,2.0
292,497,4.5
292,98,3.0
292,955,4.0
292,9679,3.0
292,808,4.0
292,5175,3.0
292,585,4.0
292,120,3.5
292,557,4.0
292,2501,4.5
292,121,3.5
292,640,2.0
292,12,3.5
292,22,4.0
292,809,3.0
292,2502,4.5
292,254,4.0
292,591,4.0
292,58,4.0
292,36557,3.5
292,1372,2.5
292,2062,4.0
292,285,3.0
292,1571,4.0
292,6479,3.5
292,155,4.0
292,1726,4.5
292,10764,4.0
292,13223,2.0
292,4922,3.5
292,767,4.0
292,19995,4.0
292,10528,4.0
292,20504,3.5
292,10138,4.5
292,27205,3.0
292,37799,4.0
292,10195,4.0
292,62177,3.0
292,72105,1.5
292,37724,4.0
292,68721,4.0
292,72190,3.5
292,76338,3.5
292,240832,2.0
292,76757,1.5
292,198663,3.0
292,239563,2.5
292,177572,4.0
292,131631,4.5
292,76341,2.5
292,102899,4.0
292,307663,1.0
292,262500,3.5
293,4995,4.0
294,807,2.0
294,629,3.0
294,11,5.0
294,101,3.0
294,680,4.0
294,13,5.0
294,238,5.0
294,500,3.0
294,240,4.0
294,607,4.0
294,115,5.0
294,117,4.0
294,14,3.0
295,629,5.0
295,680,5.0
295,278,5.0
295,238,4.5
295,500,5.0
295,769,4.5
295,240,4.5
295,550,4.5
295,598,4.0
295,24,4.5
295,16869,5.0
295,27205,5.0
296,629,5.0
296,197,5.0
296,680,4.5
296,278,5.0
296,13,5.0
296,857,4.5
296,603,4.5
296,550,5.0
296,27205,5.0
297,807,4.0
297,629,5.0
297,103,3.0
297,1572,3.0
297,101,4.0
297,280,3.0
297,500,5.0
297,115,5.0
298,807,4.0
298,629,3.5
298,197,3.0
298,103,3.0
298,1572,3.0
298,11,4.0
298,101,3.5
298,680,4.5
298,278,3.5
298,13,3.0
298,78,4.5
298,280,4.0
298,627,3.5
298,238,5.0
298,562,3.0
298,500,4.0
298,679,4.0
298,769,4.0
298,348,4.0
298,240,3.5
298,600,4.0
298,33,3.5
298,607,3.0
298,115,5.0
298,1366,2.5
298,603,4.0
298,14,4.0
298,550,5.0
298,9532,1.0
298,98,3.5
298,955,3.0
298,9679,2.5
298,808,2.0
298,585,3.0
298,120,4.0
298,557,2.5
298,121,4.0
298,640,3.0
298,598,2.5
298,604,3.0
298,12,2.5
298,22,2.5
298,153,3.0
298,24,4.0
298,587,2.0
298,1954,1.0
298,38,2.5
298,652,0.5
298,272,3.0
298,254,3.0
298,591,0.5
298,58,2.5
298,1422,3.0
298,9693,2.0
298,2062,2.5
298,559,2.5
298,285,2.5
298,1571,2.5
298,675,3.0
298,155,3.5
298,1726,3.5
298,10764,1.5
298,13223,3.0
298,16869,3.0
298,767,3.0
298,19995,3.0
298,10528,3.0
298,11324,2.5
298,10138,3.5
298,27205,3.5
298,37799,1.5
298,12444,3.0
298,10195,3.5
298,12445,3.0
298,24428,3.5
298,49026,3.0
298,76493,2.0
298,70981,3.5
298,72105,2.0
298,68721,3.0
298,72190,2.0
298,76203,2.5
298,76338,3.0
298,110415,3.0
298,157336,3.0
298,194662,3.5
298,85350,3.0
298,244786,3.5
298,210577,3.0
298,119450,3.0
298,184315,0.5
298,190859,2.5
298,242582,3.0
298,122917,3.0
298,198184,3.0
298,76341,3.0
298,140607,4.0
298,99861,3.5
298,102899,3.0
298,293660,3.0
298,271110,3.0
298,158852,0.5
298,286217,3.5
298,271718,0.5
298,188222,2.0
298,214756,1.5
298,307081,2.0
298,257211,1.0
299,348,3.0
299,694,4.0
299,98,5.0
299,955,3.0
299,9679,4.0
300,278,4.0
300,13,4.0
300,857,4.0
300,603,4.0
300,745,3.5
300,14,5.0
300,550,4.5
300,423,4.5
300,598,5.0
300,153,5.0
300,38,5.0
300,6479,3.0
300,27205,4.0
300,157336,5.0
300,194662,4.0
300,85350,5.0
300,244786,4.5
300,210577,5.0
301,807,4.5
301,629,4.5
301,197,1.5
301,1572,2.0
301,680,4.5
301,13,4.0
301,280,0.5
301,954,2.5
301,14,4.0
301,98,4.5
301,808,4.0
301,2501,4.0
301,640,4.0
301,12,4.5
301,22,4.0
301,153,3.0
301,24,4.5
301,38,4.5
301,809,4.0
301,58,3.5
301,1422,4.5
301,675,4.0
302,807,5.0
302,197,4.0
302,11,5.0
302,101,3.0
302,680,5.0
302,280,4.0
302,954,3.0
302,238,5.0
302,240,5.0
303,11,3.5
303,280,5.0
303,679,5.0
303,348,5.0
303,207,2.0
303,694,2.0
303,607,5.0
303,603,5.0
303,557,3.5
304,197,5.0
304,1572,4.0
304,11,5.0
304,101,4.0
304,680,5.0
304,278,4.0
304,13,5.0
304,78,4.0
304,280,5.0
304,954,4.0
304,562,4.0
304,679,4.0
304,348,4.0
304,607,5.0
304,857,5.0
304,603,4.0
304,745,2.0
304,14,2.0
304,492,3.0
305,807,4.0
305,629,5.0
305,11,5.0
305,101,3.5
305,680,5.0
305,278,5.0
305,13,4.5
305,78,4.0
305,280,5.0
305,954,4.0
305,627,5.0
305,238,5.0
305,562,4.0
305,500,5.0
305,679,3.5
305,769,5.0
305,348,4.0
305,240,5.0
305,600,5.0
305,207,4.0
305,694,5.0
305,33,4.0
305,115,4.5
305,1366,5.0
305,857,4.0
305,603,5.0
305,745,4.0
305,14,5.0
305,550,4.5
305,497,5.0
305,98,5.0
305,955,2.5
305,120,5.0
305,2501,3.5
305,121,5.0
305,640,5.0
305,598,5.0
305,604,3.0
305,12,5.0
305,153,3.0
305,24,5.0
305,272,5.0
305,591,3.0
305,1422,4.5
305,9693,3.5
305,1372,4.5
305,675,3.0
305,6479,3.5
305,155,5.0
305,1726,4.5
305,13223,5.0
305,4922,3.0
305,16869,5.0
305,767,3.0
305,19995,4.5
305,10528,4.0
305,20504,2.0
305,11324,3.5
305,27205,5.0
305,37799,5.0
305,12444,3.0
305,12445,2.5
305,24428,4.0
305,49530,3.0
305,49026,5.0
305,76493,4.5
305,70981,2.5
305,37724,3.5
305,77016,3.5
305,68721,2.5
305,72190,2.0
305,76203,3.0
305,76338,3.5
305,110415,2.5
305,157336,3.5
305,240832,2.5
305,244786,5.0
305,210577,3.5
305,225886,3.5
305,238636,5.0
305,169917,3.0
305,190859,5.0
305,228150,4.0
305,242582,3.5
305,205596,5.0
305,122917,3.0
305,228967,3.5
305,198184,3.5
305,87101,2.5
305,76341,2.0
305,140607,3.0
305,99861,3.0
305,102899,3.5
305,293660,5.0
305,299536,4.5
305,283995,3.5
305,271110,4.0
305,254470,3.5
305,286217,3.0
305,214756,4.0
305,257211,4.0
305,329865,4.0
305,263115,4.5
306,745,3.0
306,808,3.0
306,585,3.0
306,12,4.0
306,809,3.0
306,2062,3.5
306,19995,3.5
306,37799,2.0
306,157336,3.0
306,177572,4.0
306,227159,4.0
306,228967,3.0
306,270303,3.0
306,293660,3.0
306,283995,3.0
306,254470,4.0
306,257211,3.0
307,807,4.0
307,629,4.5
307,197,3.5
307,103,3.5
307,1572,2.5
307,11,3.5
307,680,4.5
307,278,4.5
307,13,4.0
307,1607,4.0
307,78,3.5
307,280,2.5
307,954,2.0
307,627,3.0
307,238,4.5
307,15,4.0
307,562,3.0
307,500,4.0
307,769,4.0
307,348,2.0
307,240,4.5
307,600,3.0
307,207,3.5
307,694,3.5
307,607,2.0
307,4995,4.0
307,115,4.0
307,603,3.5
307,745,2.5
307,14,4.0
307,550,4.0
307,492,3.0
307,497,4.0
307,9532,2.0
307,98,3.5
307,955,2.0
307,808,2.5
307,585,3.0
307,120,3.0
307,557,4.0
307,2501,3.5
307,121,3.0
307,640,3.5
307,598,3.5
307,12,3.0
307,22,3.0
307,153,4.0
307,24,3.5
307,587,3.5
307,1954,3.5
307,38,5.0
307,809,3.0
307,2502,3.0
307,272,4.0
307,591,2.0
307,58,3.5
307,1422,4.5
307,9693,3.0
307,36557,3.5
307,1372,4.5
307,559,3.5
307,285,3.5
307,6479,3.5
307,155,4.5
307,1726,5.0
308,629,2.5
308,197,1.0
308,11,2.5
308,101,1.0
308,278,1.0
308,13,2.5
308,280,1.0
308,238,1.5
308,562,1.0
308,500,1.0
308,679,1.0
308,240,1.0
308,207,5.0
308,857,0.5
308,603,3.0
308,745,0.5
308,550,0.5
308,98,1.0
308,585,4.0
308,120,3.5
308,121,4.0
308,598,1.0
308,12,4.0
308,22,3.5
308,58,3.0
308,2062,4.0
308,675,5.0
308,6479,1.0
308,155,4.0
308,19995,4.0
308,27205,1.0
308,24428,4.5
308,49026,3.0
309,629,4.5
309,680,3.5
309,278,4.0
309,500,4.0
309,769,2.5
309,857,4.5
309,603,4.0
309,745,3.5
309,585,4.0
309,120,4.5
309,121,4.0
309,604,2.5
310,808,3.5
310,153,5.0
311,280,3.0
311,694,4.0
311,604,3.5
312,197,4.0
312,103,5.0
312,11,5.0
312,13,4.0
312,78,5.0
312,280,4.0
312,562,3.0
312,500,4.0
312,679,4.0
312,348,4.0
312,600,5.0
312,857,4.0
312,603,3.0
312,745,4.0
312,497,4.0
312,557,3.0
312,121,5.0
312,640,4.0
313,807,5.0
313,629,5.0
313,1572,3.0
313,11,3.0
313,101,4.0
313,680,5.0
313,278,3.0
313,78,5.0
313,280,5.0
313,954,1.0
313,238,5.0
313,562,4.0
313,500,5.0
313,679,5.0
313,769,5.0
313,348,4.0
313,240,4.0
313,600,5.0
313,694,5.0
313,607,4.0
313,115,4.0
313,1366,2.0
313,857,5.0
313,603,5.0
313,745,4.0
313,14,4.0
313,550,5.0
313,492,4.0
313,98,5.0
313,120,5.0
313,557,4.0
314,807,1.0
314,629,4.0
314,197,4.0
314,1572,2.0
314,11,5.0
314,101,3.0
314,680,1.0
314,278,5.0
314,13,4.0
314,280,5.0
314,954,3.0
314,33,3.0
316,603,4.5
316,14,4.0
316,9532,3.0
316,955,1.5
316,121,3.0
316,24,4.0
316,38,4.0
317,807,5.0
317,629,5.0
317,197,5.0
317,103,5.0
317,11,4.0
317,101,5.0
317,680,5.0
317,278,4.0
317,13,5.0
317,280,4.0
317,627,5.0
317,238,5.0
317,500,5.0
317,679,4.0
317,769,4.0
317,600,3.0
317,694,5.0
317,115,3.0
317,857,5.0
317,603,4.0
317,745,2.0
317,14,5.0
317,550,5.0
317,492,2.0
317,497,4.0
317,98,3.0
317,808,4.0
317,2501,3.0
317,640,5.0
317,423,2.0
317,598,3.0
317,24,5.0
317,587,4.0
317,38,4.0
317,2502,4.0
317,1422,5.0
317,9693,2.0
317,155,4.0
317,1726,3.0
317,13223,3.0
317,16869,5.0
317,20504,2.0
317,11324,4.0
317,10138,3.0
317,27205,4.0
317,37799,4.0
317,49026,4.0
317,70981,4.0
317,77016,3.0
317,146233,5.0
317,157336,3.0
317,156022,2.0
317,210577,3.0
317,190859,2.0
317,242582,3.0
317,205596,2.0
318,807,4.0
318,1572,3.5
318,11,3.0
318,101,3.5
318,680,4.5
318,278,4.0
318,13,4.5
318,78,3.5
318,954,3.0
318,627,4.0
318,562,4.0
318,500,4.0
318,600,4.0
318,207,3.5
318,607,4.0
318,4995,4.0
318,115,4.0
318,857,3.5
318,603,3.5
318,14,3.5
318,492,4.0
318,497,4.0
318,9679,3.0
318,808,3.5
318,585,3.5
318,120,4.0
318,121,3.5
318,640,4.0
318,598,4.0
318,604,3.5
318,22,3.5
318,153,4.0
318,24,3.0
318,587,4.5
318,38,4.5
318,652,3.5
318,809,3.0
318,561,3.0
318,272,4.0
318,254,3.5
318,591,3.5
318,58,3.0
318,9693,4.0
318,1372,3.5
318,1571,3.5
318,675,3.0
318,6479,4.0
318,155,4.0
318,1726,3.5
318,10764,3.0
318,13223,4.0
318,4922,3.5
318,16869,4.0
318,767,3.5
318,19995,3.5
318,10528,3.5
318,20504,3.5
318,11324,4.5
318,10138,3.0
318,27205,4.0
318,12444,4.0
318,12445,4.0
318,24428,3.5
318,49026,3.0
318,76493,4.0
318,70981,4.0
318,68721,3.0
318,72190,3.5
318,157336,5.0
318,240832,3.0
318,98566,3.5
318,262543,3.0
318,242582,4.0
318,205596,3.5
318,171274,4.0
318,131631,2.5
318,122917,3.0
318,76341,3.0
318,140607,3.0
318,284054,4.0
318,335984,4.5
319,197,4.5
319,101,5.0
319,278,4.5
319,13,4.0
319,238,5.0
319,240,5.0
319,603,5.0
319,550,4.0
319,12,3.5
319,155,5.0
319,767,4.5
319,27205,5.0
319,157336,5.0
319,244786,5.0
319,177572,4.5
319,140607,3.5
319,293660,3.5
320,98,3.5
320,1726,4.0
320,19995,4.0
321,1572,3.0
321,13,5.0
321,280,3.0
321,954,3.0
322,807,4.0
322,629,4.0
322,197,3.5
322,680,5.0
322,278,4.0
322,13,3.5
322,627,3.5
322,238,1.5
322,240,1.0
322,694,2.5
322,607,3.5
322,603,4.0
322,745,4.0
322,14,4.5
322,550,4.0
322,492,0.5
322,98,4.0
322,808,2.0
322,120,3.5
322,24,4.0
322,38,4.0
322,155,3.5
323,629,4.5
323,197,2.0
323,11,4.5
323,680,4.0
323,278,5.0
323,13,3.5
323,603,3.0
323,157336,3.5
323,194662,4.5
323,85350,3.5
323,210577,3.0
323,119450,1.5
323,242582,4.0
323,177572,3.5
323,205596,4.5
324,238,4.0
325,103,5.0
325,101,3.0
325,680,5.0
325,278,5.0
325,13,2.0
325,78,5.0
325,238,5.0
325,562,4.0
325,115,5.0
325,117,4.0
325,9535,2.0
325,745,4.0
325,497,3.0
325,955,3.0
325,120,5.0
325,557,4.0
325,2501,4.0
326,807,4.0
326,629,2.0
326,197,5.0
326,1572,4.0
326,101,4.5
326,680,4.0
326,278,4.5
326,13,5.0
326,954,3.0
326,207,4.5
326,857,3.5
326,603,3.5
326,14,3.5
326,550,4.0
326,497,4.5
326,98,5.0
326,120,4.0
326,2501,5.0
326,121,4.0
326,423,5.0
326,598,5.0
326,24,5.0
326,38,4.5
326,2502,5.0
326,1422,5.0
326,9693,4.5
326,1372,5.0
326,13223,3.5
326,16869,4.0
326,11324,4.5
326,27205,4.5
326,12445,2.0
326,76203,4.5
326,157336,3.0
326,205596,4.5
326,286217,4.0
327,629,4.5
327,278,4.5
327,13,5.0
327,238,3.5
327,769,4.5
327,240,4.0
327,1422,4.5
327,155,3.5
328,807,4.5
328,629,4.0
328,197,1.0
328,103,2.0
328,11,5.0
328,101,3.5
328,680,5.0
328,278,5.0
328,13,3.0
328,280,1.0
328,238,5.0
328,562,1.0
328,500,5.0
328,679,4.0
328,769,4.5
328,240,5.0
328,600,3.0
328,694,4.0
328,115,3.5
328,857,2.5
328,603,2.0
328,745,2.0
328,550,5.0
328,492,1.0
328,808,4.5
328,557,4.0
328,2501,4.0
328,121,4.0
328,640,3.5
328,22,3.5
328,809,3.0
328,2502,3.5
328,272,1.0
328,58,3.5
328,1422,3.5
328,36557,4.0
328,1372,2.0
328,155,2.0
328,1726,3.0
328,16869,4.5
328,767,4.0
328,19995,3.5
328,10528,3.0
328,27205,1.5
328,37799,1.0
328,12444,4.0
328,12445,4.0
328,49026,1.0
328,70981,2.0
328,37724,3.5
328,76203,3.0
328,140607,2.5
328,286217,3.5
328,207932,0.5
329,629,2.0
329,278,2.0
329,627,4.5
329,238,2.0
329,694,5.0
329,115,0.5
330,807,3.0
330,629,5.0
330,197,3.5
330,103,3.5
330,11,4.0
330,680,4.0
330,278,4.5
330,13,5.0
330,78,2.0
330,280,3.5
330,954,2.5
330,627,4.0
330,238,4.0
330,500,2.5
330,679,4.0
330,769,3.5
330,348,4.0
330,600,5.0
330,207,4.5
330,694,4.0
330,33,4.5
330,607,4.0
330,4995,4.0
330,115,5.0
330,1366,3.0
330,857,3.5
330,603,3.5
330,745,4.0
330,14,4.5
330,550,4.0
330,492,4.5
330,497,4.0
330,98,4.0
330,808,4.5
330,585,5.0
330,120,3.5
330,557,3.0
330,2501,2.0
330,121,4.0
330,640,4.0
330,423,3.5
330,604,3.5
330,12,4.5
330,24,5.0
330,38,3.5
330,272,3.0
330,1422,4.5
330,155,5.0
330,13223,4.0
330,16869,5.0
330,27205,5.0
331,629,5.0
331,101,4.0
331,680,5.0
331,278,5.0
331,238,5.0
331,769,5.0
331,550,4.0
331,98,4.5
331,955,2.0
331,9679,2.0
331,808,3.0
331,585,3.0
331,120,4.5
331,557,2.0
331,2501,4.0
331,121,4.5
331,598,5.0
331,12,4.0
331,22,3.0
331,153,5.0
331,24,4.0
331,1954,3.0
331,38,4.0
331,652,3.5
331,809,1.5
331,2502,3.0
331,561,3.0
331,272,4.0
331,9693,5.0
331,36557,4.5
331,1372,3.5
331,2062,4.0
331,1571,3.0
331,675,3.0
331,6479,4.0
331,155,5.0
331,10764,3.0
331,4922,3.0
331,10528,3.5
331,27205,4.0
331,12445,4.0
331,49026,4.0
331,70981,5.0
331,37724,4.0
331,68721,3.0
331,244786,5.0
331,210577,5.0
331,205596,4.0
331,76341,5.0
331,293660,5.0
331,286217,4.0
331,329865,2.5
332,807,4.0
332,629,4.0
332,197,3.5
332,103,4.0
332,101,3.0
332,680,4.0
332,278,4.5
332,13,4.5
332,78,5.0
332,280,3.5
332,500,4.0
332,679,4.0
332,769,4.0
332,348,4.5
332,694,3.5
332,115,4.0
332,857,4.0
332,603,5.0
332,745,4.5
332,14,4.5
332,550,4.5
332,492,3.5
332,98,3.5
332,808,4.5
332,120,4.0
332,121,4.0
332,604,3.0
332,22,4.5
332,153,4.0
332,24,4.0
332,587,4.0
332,38,3.5
332,652,3.0
332,272,4.0
332,58,3.5
332,285,4.0
332,6479,3.0
332,155,4.0
332,1726,3.5
332,16869,3.5
332,19995,4.0
332,10528,4.0
332,10138,4.0
332,27205,4.0
332,10195,3.5
332,24428,2.5
333,98,4.0
333,955,2.0
333,9679,3.0
334,807,2.0
334,11,4.0
334,101,3.5
334,680,4.0
334,278,3.5
334,13,4.0
334,280,4.0
334,348,3.5
334,694,3.5
334,607,3.5
334,603,4.0
334,745,4.0
334,550,3.5
334,492,4.0
334,98,4.0
334,808,4.5
334,585,3.5
334,120,3.5
334,2501,3.5
334,121,3.5
334,598,4.0
334,12,4.0
334,153,4.0
334,587,4.0
334,38,4.0
334,809,3.5
334,36557,2.5
334,2062,4.0
334,6479,3.5
334,155,3.0
334,1726,3.5
334,4922,3.5
334,19995,3.5
334,11324,2.5
335,629,5.0
335,197,4.0
335,680,5.0
335,278,5.0
335,13,4.0
335,280,5.0
335,4995,3.5
335,603,5.0
336,807,4.5
336,629,5.0
336,197,4.0
336,101,5.0
336,680,5.0
336,278,5.0
336,13,4.5
336,280,5.0
336,238,4.0
336,207,4.5
336,857,4.0
336,603,5.0
336,745,4.5
336,14,5.0
336,550,4.5
336,497,4.5
336,955,4.5
336,585,5.0
337,807,5.0
337,629,3.0
337,197,5.0
337,11,5.0
337,278,5.0
337,954,5.0
337,627,4.0
338,629,4.5
338,680,4.5
338,278,5.0
338,238,4.5
338,240,5.0
338,550,4.5
338,557,3.0
338,121,3.0
338,24,4.5
338,299536,1.5
338,335984,1.0
339,807,4.5
339,103,4.0
339,680,2.5
339,278,4.0
339,13,4.0
339,78,5.0
339,954,4.0
339,238,4.5
339,769,4.5
339,348,4.0
339,240,4.5
339,694,5.0
339,607,2.0
339,115,5.0
339,857,5.0
339,745,4.5
339,14,5.0
339,550,4.0
339,497,5.0
339,9532,4.0
339,98,5.0
339,808,4.0
339,585,4.0
339,120,3.5
339,121,4.0
339,640,5.0
339,423,5.0
339,598,5.0
339,12,4.0
339,22,3.0
339,153,4.0
339,38,4.5
339,652,3.0
339,272,3.5
339,254,3.5
339,58,3.0
339,1422,4.5
339,9693,3.0
339,1372,4.0
339,559,3.5
339,285,3.5
339,675,2.5
339,6479,4.5
339,155,3.0
339,1726,3.5
339,10764,4.0
339,13223,4.0
339,4922,4.5
339,16869,3.5
339,767,2.5
339,19995,3.0
339,11324,5.0
339,27205,5.0
339,37799,3.0
339,12444,2.5
339,10195,2.5
339,12445,2.5
339,24428,3.0
339,49530,4.5
339,49026,3.0
339,37724,3.5
339,72190,2.5
339,146233,4.5
339,76203,4.0
339,76338,2.5
339,110415,2.5
339,157336,5.0
339,85350,4.5
339,210577,3.5
339,198663,3.5
339,190859,4.0
339,228150,4.0
339,242582,4.0
339,205596,4.0
339,293660,2.0
339,286217,4.5
339,329865,3.5
339,335984,4.5
340,197,5.0
340,1572,4.0
340,680,4.0
340,278,5.0
340,13,3.0
340,280,4.0
340,954,4.0
341,13,3.5
341,562,4.0
341,6479,4.0
341,11324,5.0
341,76493,4.0
341,190859,4.5
341,257344,3.0
342,550,4.0
343,629,4.5
343,11,3.0
343,680,4.5
343,278,4.5
343,78,4.5
343,238,3.0
343,500,4.5
343,679,3.5
343,769,5.0
343,348,4.0
343,240,3.0
343,603,5.0
343,14,4.0
343,550,5.0
343,120,5.0
343,121,5.0
343,598,5.0
343,1422,4.5
343,2062,3.5
344,197,4.5
344,11,5.0
344,278,5.0
344,13,5.0
344,348,1.0
344,857,4.0
344,603,5.0
344,745,3.0
344,14,5.0
344,497,5.0
344,808,5.0
344,2501,4.0
344,640,4.0
344,809,5.0
344,1726,4.5
344,10195,4.0
344,24428,4.5
344,198663,3.0
345,679,4.5
345,348,5.0
345,9535,4.0
345,14,4.0
346,807,3.5
346,629,4.0
346,103,4.0
346,101,4.0
346,680,3.5
346,627,3.5
346,238,4.0
346,15,4.0
346,240,3.5
346,694,3.5
346,745,3.5
346,14,4.5
346,550,3.5
346,492,2.5
346,423,4.0
346,153,3.5
346,24,4.0
347,807,3.0
347,197,3.0
347,1572,3.0
347,13,4.0
347,280,3.0
347,954,4.0
348,629,5.0
348,103,5.0
348,11,4.5
348,680,5.0
348,278,5.0
348,78,5.0
348,238,5.0
348,769,4.5
348,240,5.0
348,14,5.0
348,550,5.0
348,120,5.0
348,121,5.0
348,598,5.0
348,155,4.5
348,27205,5.0
349,1572,4.0
349,680,4.0
349,13,5.0
349,280,4.0
350,11,4.0
350,954,3.0
350,238,3.0
351,807,4.5
351,680,4.5
351,13,4.5
351,627,4.5
351,603,4.0
351,745,4.0
351,550,4.0
351,120,4.0
351,121,4.0
351,640,4.0
351,598,4.0
351,12,3.0
351,22,4.0
351,24,3.0
351,1954,4.5
351,38,3.5
351,1422,5.0
351,155,3.5
351,16869,3.5
351,19995,2.5
351,27205,4.0
351,37799,4.5
352,807,5.0
352,629,5.0
352,11,4.0
352,680,5.0
352,278,5.0
352,13,5.0
352,78,4.5
352,500,5.0
352,679,4.0
352,769,3.5
352,348,5.0
352,600,4.0
352,694,5.0
352,607,2.5
352,115,4.0
352,857,4.5
352,603,4.5
352,745,4.0
352,14,5.0
352,550,5.0
352,492,3.0
352,497,5.0
352,9532,4.0
352,98,4.0
352,9679,3.0
352,808,3.0
352,120,5.0
352,121,5.0
352,423,5.0
352,22,4.0
352,254,3.5
352,591,3.5
352,1422,4.5
352,1372,5.0
352,285,4.0
352,675,4.0
352,155,3.5
352,1726,3.0
352,13223,5.0
352,16869,5.0
352,767,4.0
352,19995,5.0
352,20504,3.5
352,11324,5.0
352,27205,5.0
352,12444,4.0
352,12445,4.0
352,49530,3.5
352,49026,4.0
352,70981,4.5
352,37724,4.0
352,72190,4.0
352,146233,5.0
352,110415,4.5
352,157336,5.0
352,244786,4.0
352,210577,4.0
352,198663,4.5
352,228150,4.5
352,177572,4.5
352,131631,4.0
352,122917,5.0
352,76341,3.5
352,293660,2.5
352,262500,2.0
352,286217,5.0
352,329865,3.0
353,807,5.0
353,197,3.0
353,1572,5.0
353,101,5.0
353,680,5.0
353,278,5.0
354,807,4.0
354,629,4.5
354,103,4.0
354,1572,4.0
354,11,4.0
354,680,4.5
354,278,4.5
354,13,4.5
354,280,4.5
354,954,4.0
354,238,4.0
354,562,4.0
354,500,4.0
354,348,4.0
354,600,3.5
354,607,3.5
354,115,4.0
354,1366,4.0
354,857,3.5
354,603,4.0
354,745,3.5
354,14,4.0
354,550,4.5
354,492,3.5
354,497,3.5
354,98,3.5
354,955,2.0
354,9679,3.5
354,808,4.0
354,557,4.0
354,2501,4.0
354,640,4.0
354,604,1.0
354,24,4.5
354,587,4.5
354,1954,3.5
354,38,4.0
354,652,3.0
354,809,3.5
354,2502,4.0
354,254,2.0
354,1422,4.0
354,36557,4.5
354,559,4.0
354,6479,3.0
355,607,4.0
356,629,3.5
356,278,4.5
356,13,4.0
356,78,4.5
356,627,4.0
356,562,3.0
356,500,5.0
356,600,4.5
356,207,5.0
356,115,5.0
356,857,4.0
356,603,4.0
356,745,4.0
356,14,4.0
356,550,5.0
356,492,4.0
356,497,4.0
356,98,4.0
356,955,3.0
356,120,3.5
356,557,3.5
356,2501,3.5
356,121,3.5
356,640,3.5
356,604,4.0
356,22,3.0
356,38,5.0
356,2502,4.0
356,272,5.0
356,254,2.5
356,1422,4.0
356,9693,5.0
356,36557,4.0
356,155,5.0
356,4922,3.0
357,629,5.0
357,197,4.0
357,103,3.5
357,11,4.0
357,680,4.5
357,278,4.0
357,13,3.5
357,280,3.5
357,627,3.5
357,238,5.0
357,500,3.0
357,769,5.0
357,240,5.0
357,207,5.0
357,694,5.0
357,607,3.5
357,857,4.5
357,745,5.0
357,14,3.5
357,550,4.5
357,497,4.0
357,98,4.5
357,808,4.0
357,585,4.0
357,640,4.5
357,12,4.5
357,587,3.5
357,1954,4.0
357,38,5.0
357,809,3.5
357,272,4.0
357,1422,4.0
357,36557,3.5
357,1372,4.0
357,675,4.5
357,6479,4.0
357,155,4.5
357,767,4.5
357,19995,4.0
357,11324,4.0
357,27205,4.0
357,37799,4.5
357,12444,5.0
357,12445,5.0
357,49026,4.5
358,1954,3.5
358,38,4.0
358,767,3.5
359,680,4.0
359,78,1.5
359,280,3.0
359,954,3.5
359,207,5.0
359,607,2.0
359,603,2.5
359,14,4.0
359,955,2.5
359,808,5.0
359,12,4.5
361,11,2.0
361,278,3.0
361,13,3.5
361,280,3.5
361,238,2.5
361,679,3.0
361,348,3.0
361,607,3.5
361,115,1.5
361,14,2.5
361,120,2.5
361,2501,4.0
361,640,2.5
361,604,3.0
361,22,3.5
361,652,4.0
361,809,3.5
361,272,4.0
361,591,4.0
361,36557,4.0
361,285,4.0
362,807,4.5
362,629,3.5
362,197,4.0
362,103,5.0
362,11,4.5
362,101,4.5
362,680,5.0
362,278,4.5
362,13,4.5
362,280,4.0
362,238,5.0
362,500,4.5
362,769,4.0
362,240,5.0
362,600,4.5
362,694,5.0
362,33,4.5
362,115,5.0
362,117,4.0
362,2109,3.5
362,603,4.5
362,550,4.5
362,497,4.0
362,98,4.0
362,808,4.0
362,120,5.0
362,557,4.0
362,121,5.0
362,640,3.5
362,604,4.0
362,12,4.0
362,22,4.0
362,24,4.5
362,809,4.0
362,561,4.5
362,272,4.5
362,1422,4.0
362,13223,4.0
362,16869,4.0
362,27205,4.0
362,24428,3.0
362,49026,4.0
362,146233,4.0
362,242582,4.0
362,207932,3.5
363,629,4.0
363,11,2.0
363,680,5.0
363,278,4.0
363,207,4.0
363,115,4.0
363,603,2.5
363,120,3.0
363,283995,5.0
363,263115,4.0
364,11,4.0
364,954,3.0
364,238,5.0
365,11,3.0
365,278,4.5
365,13,4.5
365,78,1.0
365,14,1.0
365,497,4.0
365,98,1.5
365,808,1.5
365,585,4.0
365,120,3.5
365,557,3.0
365,2501,2.5
365,121,3.0
365,640,5.0
365,423,1.0
365,12,2.5
365,22,3.5
365,24,2.5
365,272,2.0
365,58,2.5
365,9693,1.5
365,2062,2.5
365,6479,3.5
365,155,3.5
365,1726,3.5
365,767,2.5
365,19995,4.0
365,10528,3.0
365,27205,1.5
365,12444,3.0
365,24428,2.5
365,49026,2.5
365,76493,3.0
365,72105,5.0
365,72190,3.0
365,146233,2.0
365,110415,1.0
365,157336,3.0
365,238636,3.0
365,193893,3.5
365,228150,4.0
365,205596,3.0
365,227159,3.5
365,228967,5.0
365,198184,2.5
365,293660,3.5
365,284052,3.0
365,286217,3.5
365,257344,3.0
365,214756,5.0
366,197,4.0
366,280,4.0
366,562,4.0
366,500,5.0
366,857,4.0
366,550,4.5
366,98,4.5
366,120,4.5
366,22,4.0
366,24,4.0
366,272,4.0
366,1422,4.5
366,155,4.0
366,1726,3.5
366,16869,4.5
366,27205,4.0
366,49026,4.0
366,157336,5.0
366,177572,3.5
366,205596,4.5
366,76341,2.0
367,11,5.0
367,278,5.0
367,13,5.0
367,238,5.0
367,15,5.0
367,240,4.0
367,207,5.0
367,694,4.0
367,607,4.0
367,1366,5.0
367,117,4.0
367,745,5.0
367,955,4.0
367,9679,3.0
367,808,5.0
368,807,4.0
368,629,4.0
368,197,4.0
368,103,3.0
368,1572,2.0
368,11,4.0
368,101,4.0
368,680,5.0
368,13,4.0
368,280,3.0
368,954,3.0
368,238,5.0
368,562,4.0
368,500,4.0
368,679,5.0
368,769,4.0
368,348,4.0
368,240,4.0
368,600,4.0
368,607,3.0
368,4995,3.0
368,115,3.0
368,1366,4.0
368,857,5.0
368,117,3.0
368,2109,2.0
368,603,4.0
368,745,4.0
368,14,4.0
368,497,4.0
368,98,3.0
368,955,2.0
369,807,3.5
369,1572,3.5
369,11,3.5
369,78,2.5
369,627,4.0
369,500,2.5
369,607,1.0
369,115,5.0
369,9535,3.0
369,603,4.5
369,550,4.5
369,2501,3.5
369,24,3.5
369,38,4.0
369,2502,4.0
370,807,3.5
370,629,4.5
370,11,2.0
370,101,3.5
370,680,5.0
370,278,3.5
370,78,3.5
370,280,4.0
370,627,4.5
370,500,2.5
370,4995,3.5
370,115,1.0
370,603,4.0
370,745,4.5
370,14,3.5
370,550,4.5
370,492,4.0
370,808,4.0
370,120,4.5
370,121,4.5
370,640,3.5
370,604,3.5
370,12,3.5
370,22,4.0
370,24,4.0
370,38,4.0
370,272,3.0
371,694,5.0
371,603,5.0
371,120,4.5
371,604,5.0
371,153,5.0
371,38,5.0
371,561,4.5
371,12444,4.0
372,807,5.0
372,629,5.0
372,197,4.0
372,103,3.0
372,1572,4.0
372,11,4.0
372,101,4.0
372,680,4.0
372,278,5.0
372,13,3.0
372,1607,3.0
372,78,4.0
372,280,4.0
372,627,3.0
372,238,5.0
372,562,5.0
372,500,5.0
372,679,5.0
372,769,5.0
372,348,5.0
372,240,5.0
372,600,3.0
372,207,3.0
372,694,4.0
373,807,5.0
373,629,5.0
373,197,4.0
373,103,5.0
373,680,5.0
373,278,5.0
373,13,4.0
373,280,3.0
373,954,4.0
374,197,5.0
374,1572,3.0
374,680,5.0
374,278,4.0
374,13,4.0
374,694,4.0
375,278,5.0
375,13,4.5
375,745,5.0
375,98,5.0
376,197,3.5
376,1572,3.5
376,11,4.0
376,13,3.5
376,78,5.0
376,280,5.0
376,954,5.0
376,238,4.0
376,679,3.5
376,348,5.0
376,240,4.5
376,694,4.0
376,607,4.0
376,603,3.5
376,745,4.0
376,808,4.0
376,120,4.5
376,2501,5.0
376,121,3.5
376,640,4.5
376,604,3.5
376,1954,4.0
376,38,2.5
376,2502,5.0
376,272,4.0
376,1422,4.5
376,36557,5.0
376,27205,4.0
376,37724,4.5
377,679,4.5
377,348,5.0
377,14,4.5
377,19995,4.5
377,24428,5.0
378,278,4.5
378,238,3.0
378,769,4.0
378,550,3.5
378,120,4.5
378,121,4.5
378,22,4.0
378,272,4.5
378,1422,4.5
378,155,4.5
378,11324,4.5
378,27205,5.0
378,49026,4.5
378,157336,4.5
378,205596,4.0
379,807,3.0
379,197,5.0
379,1572,2.0
379,680,2.0
379,278,3.0
379,13,5.0
379,280,4.0
380,807,5.0
380,629,4.0
380,197,4.0
380,1572,5.0
380,11,5.0
380,101,5.0
380,680,5.0
380,278,3.0
380,13,5.0
380,78,5.0
380,280,5.0
380,954,4.0
380,238,4.0
380,562,5.0
380,500,4.0
380,679,5.0
380,769,5.0
380,348,5.0
380,240,5.0
380,600,5.0
380,694,4.0
380,33,5.0
380,607,5.0
380,115,5.0
380,1366,5.0
380,857,5.0
380,2109,4.0
380,603,4.5
380,745,5.0
380,550,4.0
380,492,4.0
380,98,4.0
380,955,4.0
380,9679,3.0
380,808,5.0
380,5175,3.0
380,585,5.0
380,120,5.0
380,557,4.0
380,2501,4.0
380,121,5.0
380,640,4.0
380,598,4.0
380,604,4.0
380,12,4.0
380,22,5.0
380,153,5.0
380,24,4.0
380,587,4.0
380,1954,4.0
380,652,3.0
380,809,4.0
380,2502,3.0
380,561,4.0
380,272,5.0
380,254,3.0
380,591,3.0
380,58,5.0
380,36557,5.0
380,1255,4.0
380,559,3.0
380,285,3.0
380,1571,2.0
380,675,5.0
380,6479,4.0
380,155,5.0
380,1726,5.0
380,10764,4.0
380,16869,3.0
380,767,4.0
380,19995,3.0
380,10528,3.0
380,10138,4.0
380,27205,5.0
380,12444,4.0
380,10195,5.0
380,12445,4.0
380,24428,5.0
380,49026,4.0
380,70981,4.0
380,72105,4.0
380,37724,2.0
380,68721,5.0
380,72190,3.0
380,76338,4.0
380,240832,3.0
380,119450,5.0
380,184315,2.0
380,98566,3.0
380,177572,5.0
380,122917,3.0
380,260346,2.0
380,87101,3.0
380,76341,4.0
380,140607,4.0
380,99861,5.0
380,102899,5.0
380,293660,5.0
380,284054,3.5
380,299536,5.0
380,283995,5.0
380,271110,5.0
380,284052,5.0
380,262500,3.0
380,329865,4.0
380,263115,5.0
380,293167,4.0
380,335984,4.0
380,181808,0.5
381,807,2.0
381,629,4.5
381,11,3.5
381,278,3.5
381,13,4.0
381,280,2.5
381,954,3.0
381,562,2.0
381,207,4.0
381,694,4.0
381,607,4.0
381,2109,4.0
381,603,5.0
381,745,5.0
381,550,5.0
381,955,3.5
381,808,4.0
381,585,4.0
381,120,4.0
381,557,3.5
381,2501,5.0
381,121,4.0
381,640,4.0
381,423,5.0
381,604,4.0
381,12,5.0
381,22,3.5
381,153,3.0
381,587,3.5
381,38,4.0
381,809,3.5
381,2502,4.0
381,272,3.5
381,254,3.5
381,591,3.0
381,58,3.5
381,1422,5.0
381,9693,5.0
381,36557,3.5
381,1372,4.5
381,2062,3.5
381,559,1.0
381,285,4.0
381,1571,4.0
381,675,4.5
381,6479,4.0
381,767,5.0
381,19995,4.5
381,10528,4.0
382,629,5.0
382,11,5.0
382,680,5.0
382,278,5.0
382,13,4.5
382,238,5.0
382,348,5.0
382,857,4.5
382,2109,3.5
382,603,5.0
382,550,5.0
382,5175,3.5
382,120,5.0
382,121,5.0
382,604,4.0
382,652,4.0
382,591,3.0
382,675,5.0
382,155,5.0
382,1726,4.5
382,10764,3.5
382,4922,5.0
382,16869,5.0
382,767,4.5
382,10528,4.5
382,10138,4.0
382,27205,5.0
382,12444,4.0
382,24428,4.5
382,62177,4.0
382,68721,4.0
382,240832,3.5
382,156022,3.5
382,147441,3.5
382,122917,4.5
382,76341,5.0
382,102899,3.5
382,271110,4.0
382,257344,2.0
382,207932,3.5
383,207,5.0
383,9535,2.0
383,745,5.0
384,680,5.0
384,562,4.0
384,600,4.0
384,694,4.0
384,550,4.0
385,629,3.0
385,11,4.0
385,680,4.0
385,278,5.0
385,13,4.0
385,78,5.0
385,280,5.0
385,238,5.0
385,562,3.0
385,679,4.0
385,769,5.0
385,240,4.0
385,600,4.0
385,207,4.0
385,694,4.0
386,807,3.0
386,629,3.0
386,197,3.0
386,1572,2.0
386,101,3.0
386,680,5.0
386,278,3.0
386,280,3.0
386,954,3.0
387,807,4.5
387,629,4.5
387,197,3.5
387,103,4.5
387,11,4.5
387,101,4.5
387,680,5.0
387,278,3.5
387,13,4.0
387,78,4.5
387,280,3.5
387,954,3.0
387,627,4.5
387,238,4.5
387,15,4.5
387,562,3.0
387,500,4.5
387,679,3.5
387,769,3.5
387,348,4.0
387,240,4.5
387,600,4.0
387,694,4.5
387,33,3.0
387,4995,3.5
387,115,3.5
387,1366,3.0
387,603,4.0
387,745,2.5
387,14,4.5
387,550,4.5
387,492,4.0
387,98,3.0
387,120,3.0
387,598,3.5
387,22,3.5
387,24,4.0
387,809,3.5
387,2502,3.5
387,272,4.0
387,591,3.0
387,1422,4.0
387,9693,4.5
387,1255,4.0
387,559,3.5
387,1571,3.5
388,808,5.0
388,12,4.0
388,809,5.0
389,11,5.0
389,954,3.0
390,197,4.0
390,603,4.5
390,14,2.5
390,550,5.0
390,640,2.0
390,598,4.5
390,12,5.0
390,587,4.5
390,1954,4.5
390,38,5.0
390,155,2.5
390,4922,4.0
391,807,3.0
391,629,4.0
391,197,5.0
391,103,5.0
391,1572,2.0
391,11,5.0
391,101,5.0
391,680,5.0
391,278,5.0
391,13,5.0
391,78,5.0
391,280,4.0
391,954,3.0
391,627,5.0
391,238,5.0
391,15,5.0
391,562,5.0
391,500,5.0
391,679,3.0
391,769,4.0
391,348,4.0
391,240,4.0
391,600,4.0
391,207,4.0
391,694,5.0
391,33,2.0
391,607,2.0
391,115,3.0
391,857,2.0
391,117,5.0
391,603,5.0
391,745,2.0
391,14,4.0
391,550,4.0
391,492,5.0
391,98,1.0
391,955,1.0
391,9679,2.0
391,808,4.0
391,585,3.0
391,120,5.0
391,557,3.0
391,2501,4.0
392,240,5.0
392,14,4.0
392,492,5.0
393,197,4.0
393,101,5.0
393,78,0.5
393,280,0.5
393,627,0.5
393,500,5.0
393,348,3.0
393,115,0.5
393,603,5.0
393,550,5.0
393,492,5.0
393,98,4.0
393,955,3.0
393,120,5.0
393,557,5.0
393,2501,5.0
393,121,5.0
393,604,5.0
393,22,5.0
393,24,5.0
393,2502,5.0
393,561,5.0
393,272,5.0
393,58,5.0
393,36557,5.0
393,559,2.5
393,285,5.0
393,155,5.0
393,1726,5.0
393,19995,0.5
393,10528,5.0
393,11324,0.5
393,10138,4.0
393,27205,5.0
393,24428,5.0
393,49026,5.0
393,37724,5.0
393,68721,4.0
393,99861,5.0
394,629,5.0
394,197,5.0
394,13,4.0
395,197,4.0
395,1572,3.0
395,680,3.0
395,13,3.0
395,280,3.0
395,954,5.0
396,629,4.0
396,101,5.0
396,278,4.5
396,585,4.0
396,12,4.5
397,598,4.0
398,38,4.0
398,1422,4.0
398,27205,3.0
399,197,3.0
399,11,5.0
399,680,5.0
399,13,5.0
399,280,2.5
399,607,0.5
399,117,5.0
399,603,5.0
399,745,4.5
399,14,0.5
399,550,3.0
399,98,5.0
399,808,5.0
399,585,4.0
399,120,4.5
399,121,5.0
399,12,5.0
399,272,2.5
400,807,5.0
400,629,5.0
400,11,5.0
400,101,5.0
400,680,5.0
400,278,5.0
400,13,4.5
400,78,4.5
400,627,5.0
400,238,5.0
400,562,4.5
400,769,4.5
400,240,4.5
400,694,4.5
400,603,5.0
400,550,5.0
400,98,4.0
400,120,4.0
400,1422,4.0
400,559,2.5
400,155,4.5
400,27205,5.0
400,140607,4.5
400,286217,4.0
400,329865,4.5
400,263115,4.0
401,13,3.5
401,607,2.0
401,808,3.5
401,585,3.5
401,120,3.0
401,121,3.0
401,12,3.5
401,22,3.5
401,809,3.5
401,58,3.5
401,2062,4.0
401,285,3.5
401,1726,3.5
401,19995,3.0
401,244786,3.0
401,283995,4.5
402,807,3.0
402,1572,5.0
402,101,3.0
402,680,5.0
402,280,5.0
402,562,5.0
403,807,5.0
403,197,5.0
403,680,5.0
403,500,4.0
403,769,4.5
403,33,4.0
403,38,4.5
404,807,3.0
404,197,4.0
404,1572,3.0
404,680,3.0
404,278,4.0
404,13,4.0
405,197,4.0
405,103,4.5
405,101,4.0
405,680,4.5
405,78,4.5
405,500,4.0
405,769,4.5
405,348,4.0
405,600,4.5
405,4995,4.0
405,115,3.5
405,603,4.5
405,550,4.0
405,9532,4.0
405,640,3.5
405,1954,4.0
405,13223,4.0
405,16869,3.5
405,27205,4.5
407,11,4.0
407,101,3.0
407,562,3.0
407,857,4.0
407,603,5.0
407,550,5.0
407,120,5.0
407,121,5.0
407,22,4.0
407,155,5.0
407,1726,5.0
407,210577,5.0
408,1572,3.5
408,11,4.0
408,278,4.5
408,562,4.0
408,2109,4.0
408,603,4.5
408,98,4.5
408,5175,4.0
408,120,5.0
408,2501,4.5
408,121,5.0
408,561,3.0
408,272,5.0
408,591,3.5
408,36557,5.0
408,1372,4.0
408,1571,3.5
408,155,5.0
408,10528,5.0
408,27205,3.5
408,24428,3.5
408,49026,4.0
408,70981,2.0
408,37724,3.0
408,157336,4.0
408,228150,4.0
408,205596,4.0
408,102899,5.0
408,293660,3.5
408,158852,2.5
408,286217,4.0
408,207932,4.0
409,103,5.0
409,11,4.0
409,680,5.0
409,278,4.0
409,238,5.0
409,769,5.0
409,240,5.0
409,857,2.0
409,745,2.0
409,14,5.0
409,492,3.0
410,103,3.0
410,11,3.0
410,680,2.0
410,278,5.0
410,15,5.0
410,14,3.0
410,492,4.0
411,807,4.0
411,629,3.0
411,197,4.0
411,103,4.0
411,1572,3.0
411,680,5.0
411,278,4.0
411,13,5.0
411,280,3.0
411,954,5.0
412,807,3.0
412,238,5.0
412,562,3.0
412,500,2.0
412,348,4.0
412,240,5.0
412,603,3.0
412,745,3.0
412,14,5.0
413,680,5.0
413,278,5.0
413,238,5.0
413,769,4.5
413,240,4.5
413,207,1.0
413,857,5.0
413,14,1.0
413,550,5.0
413,497,5.0
413,120,5.0
413,2502,5.0
413,4922,5.0
413,16869,5.0
414,807,4.0
414,629,5.0
414,197,5.0
414,103,5.0
414,1572,3.0
414,11,5.0
414,101,5.0
414,680,5.0
414,278,5.0
414,13,5.0
414,1607,4.0
414,78,5.0
414,280,5.0
414,954,4.0
414,627,5.0
414,238,5.0
414,15,5.0
414,562,5.0
414,500,5.0
414,679,5.0
414,769,5.0
414,348,5.0
414,240,5.0
414,600,5.0
414,207,4.0
414,33,5.0
414,607,4.0
414,4995,4.0
414,115,5.0
414,1366,4.0
414,857,5.0
414,117,4.0
414,9535,3.0
414,603,5.0
414,745,3.0
414,14,5.0
414,550,5.0
414,492,5.0
414,497,4.0
414,98,5.0
414,955,4.0
414,9679,3.0
414,808,4.0
414,585,4.0
414,120,5.0
414,557,5.0
414,2501,4.0
414,121,5.0
414,640,4.0
414,423,4.5
414,598,4.0
414,604,4.0
414,12,4.5
414,22,4.5
414,153,4.5
414,24,4.0
414,587,4.5
414,1954,4.0
414,38,4.5
414,652,4.0
414,809,4.0
414,2502,3.5
414,561,3.0
414,272,4.5
414,254,4.0
414,591,3.0
414,58,3.5
414,1422,4.5
414,9693,4.0
414,36557,4.0
414,1372,4.0
414,2062,4.0
414,559,3.0
414,285,2.0
414,1571,3.5
414,675,3.5
414,6479,3.5
414,155,4.0
414,1726,4.0
414,10764,4.0
414,13223,4.0
414,4922,3.5
414,16869,4.0
414,767,3.5
414,19995,4.0
414,10528,4.0
414,10138,3.5
414,27205,5.0
414,37799,4.0
414,12444,3.5
414,10195,3.0
414,12445,3.5
414,24428,4.0
414,49530,3.5
414,49026,4.5
414,70981,3.0
414,72105,3.0
414,37724,4.0
414,110415,4.0
414,157336,4.5
414,194662,4.0
414,244786,4.0
414,210577,4.0
414,119450,4.0
414,190859,3.5
414,228150,4.0
414,177572,3.5
414,205596,4.0
414,76341,5.0
414,140607,3.5
414,102899,3.5
414,293660,4.0
414,284054,4.0
414,283995,4.0
414,284052,3.5
414,286217,5.0
414,329865,4.0
414,263115,4.0
414,335984,5.0
414,181808,4.5
415,807,4.0
415,629,4.5
415,103,4.5
415,11,4.0
415,680,5.0
415,278,5.0
415,13,5.0
415,238,5.0
415,769,5.0
415,240,5.0
415,694,4.0
415,607,3.5
415,9535,4.0
415,603,4.5
415,745,4.0
415,14,3.5
415,550,5.0
415,492,4.0
415,497,4.5
415,9679,3.5
415,598,4.5
415,38,5.0
415,58,2.5
415,1422,4.5
415,155,4.0
415,27205,4.0
416,11,3.0
416,680,4.0
416,278,3.0
416,13,2.5
416,607,2.0
416,603,1.0
416,745,2.5
416,14,3.5
416,550,4.0
416,492,5.0
416,808,0.5
416,585,0.5
416,121,2.5
416,604,0.5
416,22,2.0
416,24,3.5
416,809,0.5
417,807,5.0
417,680,5.0
417,278,5.0
417,13,4.0
417,627,5.0
417,238,5.0
417,500,3.5
417,769,3.5
417,240,5.0
417,694,5.0
417,115,4.5
417,603,5.0
417,745,4.5
417,14,4.0
417,550,5.0
417,98,5.0
417,808,5.0
417,120,5.0
417,121,5.0
417,598,5.0
417,24,5.0
417,1954,5.0
417,1372,4.0
417,155,4.0
417,16869,5.0
417,11324,5.0
417,27205,4.5
417,157336,3.5
417,244786,4.0
417,293660,4.0
418,629,4.5
418,103,4.5
418,680,4.5
418,278,5.0
418,13,4.0
418,954,0.5
418,627,5.0
418,562,4.0
418,600,4.0
418,207,5.0
418,550,5.0
418,497,4.5
418,120,5.0
418,121,5.0
418,153,5.0
418,1954,4.5
418,38,5.0
418,675,3.5
418,4922,3.5
418,767,3.0
418,11324,4.0
418,27205,4.0
418,37799,4.5
418,12445,4.5
418,24428,0.5
418,210577,4.0
418,205596,4.5
419,807,4.0
419,629,4.0
419,197,4.0
419,103,4.0
419,680,5.0
419,278,5.0
419,13,4.5
419,627,5.0
419,238,5.0
419,562,4.5
419,500,5.0
419,769,4.0
419,240,4.0
419,600,4.5
419,857,5.0
419,603,4.0
419,745,4.0
419,14,4.0
419,550,5.0
419,497,4.5
419,98,4.0
419,2501,3.0
419,604,4.0
419,652,4.5
419,272,5.0
419,6479,3.5
419,155,3.5
419,13223,4.0
419,16869,3.5
420,680,4.0
420,278,4.5
420,13,4.0
420,78,3.5
420,15,3.5
420,607,3.5
420,603,4.5
420,745,4.0
420,14,4.0
420,550,4.0
420,497,4.5
420,808,4.0
420,585,3.0
420,120,4.5
420,557,3.5
420,121,4.5
420,22,4.0
420,24,4.0
420,587,4.0
420,38,4.0
420,652,3.0
420,809,3.5
420,254,3.0
420,285,3.5
421,278,5.0
421,14,5.0
422,11,5.0
422,278,5.0
422,238,4.0
422,15,4.0
422,769,5.0
422,9535,3.0
422,550,4.0
423,197,4.0
423,680,4.5
423,278,5.0
423,13,5.0
423,280,5.0
423,117,4.5
423,955,3.0
423,557,1.0
424,807,5.0
424,629,5.0
424,103,4.0
424,101,4.0
424,680,4.5
424,278,3.5
424,280,2.0
424,627,3.0
424,238,3.0
424,500,3.5
424,769,3.5
424,240,2.5
424,694,4.5
424,603,2.0
424,745,2.0
424,14,2.5
424,550,4.5
424,24,3.0
424,591,3.0
424,1422,4.5
424,155,3.5
424,16869,4.5
424,11324,5.0
424,27205,2.5
424,146233,5.0
424,76203,3.5
424,210577,1.0
425,807,4.5
425,629,4.5
425,197,4.0
425,1572,3.5
425,11,3.0
425,101,5.0
425,680,4.0
425,278,5.0
425,13,5.0
425,1607,4.0
425,280,3.5
425,954,3.5
425,627,5.0
425,238,3.5
425,562,3.5
425,500,3.5
425,679,3.5
425,348,4.0
425,240,3.5
425,600,4.0
425,207,4.0
425,607,3.5
425,1366,3.0
425,857,4.0
425,603,3.5
425,745,3.5
425,14,3.0
425,550,4.5
425,492,3.0
425,497,4.0
425,98,4.5
425,955,3.0
425,808,4.0
425,585,4.0
425,120,4.5
425,557,3.0
425,2501,4.0
425,121,4.5
425,640,3.5
425,598,4.5
425,12,4.0
425,22,3.5
425,24,3.5
425,587,3.5
425,38,3.0
425,652,3.0
425,809,4.0
425,27205,4.5
426,807,0.5
426,680,3.5
426,278,3.5
426,13,5.0
426,808,4.5
426,585,5.0
426,120,1.5
426,121,2.0
426,640,4.0
426,12,5.0
426,38,3.5
426,809,3.5
426,2062,3.0
426,675,4.5
426,767,5.0
426,12444,5.0
426,12445,4.5
427,197,4.0
427,680,4.5
427,98,4.0
427,120,4.0
427,557,3.5
427,2501,4.0
427,121,4.5
428,197,2.5
428,1572,1.0
428,11,3.5
428,680,4.5
428,13,3.0
428,78,3.5
428,280,2.5
428,954,2.5
428,500,4.0
428,679,3.5
428,348,3.5
428,600,3.0
428,607,1.5
428,1366,2.5
428,857,3.5
428,117,4.0
428,9535,2.0
428,603,4.0
428,745,3.5
428,14,3.5
428,550,4.0
428,98,3.0
428,955,1.0
428,9679,2.0
428,808,1.0
428,5175,3.0
428,585,2.0
428,120,3.5
428,557,3.0
428,121,3.5
428,640,3.0
428,604,3.0
428,12,2.0
428,22,2.5
428,24,4.5
428,38,4.0
429,1572,4.0
430,278,5.0
430,13,3.0
430,238,4.0
430,15,5.0
430,603,5.0
430,745,5.0
430,14,5.0
430,492,4.0
430,808,4.0
430,604,4.5
430,12,3.5
432,807,4.0
432,629,3.0
432,197,4.0
432,1572,2.0
432,11,3.5
432,101,3.5
432,680,2.5
432,278,3.0
432,13,4.5
432,280,3.5
432,954,4.0
432,627,3.5
432,238,4.0
432,562,2.0
432,679,4.0
432,348,4.0
432,240,4.0
432,207,4.5
432,694,3.0
432,603,3.5
432,745,4.0
432,14,3.5
432,550,3.5
432,497,4.0
432,98,4.5
432,955,3.0
432,9679,3.5
432,808,4.5
432,585,4.0
432,120,3.5
432,557,2.5
432,2501,4.5
432,121,4.0
432,640,4.0
432,598,4.0
432,604,4.0
432,12,3.5
432,22,0.5
432,24,2.5
432,1954,4.0
432,652,4.0
432,809,4.5
432,591,4.0
432,1422,2.5
432,9693,1.5
432,36557,4.0
432,1372,2.5
432,155,4.0
432,1726,4.5
432,13223,4.0
432,19995,4.0
432,10528,3.5
432,11324,4.5
432,27205,4.5
432,10195,4.0
433,807,3.0
433,629,5.0
433,197,3.0
433,680,5.0
433,278,4.5
433,627,4.5
433,500,4.0
433,550,4.0
433,598,3.5
433,24,4.0
433,11324,3.0
433,27205,3.0
433,37799,4.0
433,49026,4.5
433,329865,5.0
434,807,4.0
434,197,4.5
434,103,5.0
434,11,5.0
434,101,4.5
434,680,5.0
434,278,4.0
434,13,4.5
434,78,5.0
434,280,4.5
434,954,4.0
434,627,4.5
434,238,5.0
434,562,4.5
434,500,4.0
434,679,5.0
434,769,4.5
434,348,5.0
434,600,5.0
434,207,4.0
434,694,5.0
434,607,3.5
434,115,4.5
434,857,5.0
434,117,4.0
434,603,5.0
434,745,5.0
434,14,5.0
434,550,5.0
434,497,4.5
434,98,3.5
434,955,2.0
434,808,3.0
434,585,4.5
434,120,5.0
434,557,3.5
434,2501,4.0
434,121,5.0
434,640,3.5
434,598,5.0
434,604,2.0
434,12,4.0
434,153,4.0
434,24,4.0
434,38,4.0
434,809,2.5
434,2502,4.0
434,272,4.5
434,58,1.5
434,1422,5.0
434,9693,5.0
434,36557,4.0
434,2062,4.0
434,6479,3.0
434,155,5.0
434,1726,4.0
434,16869,5.0
434,19995,5.0
434,10528,3.5
434,11324,4.5
435,629,4.0
435,278,5.0
435,238,5.0
435,240,5.0
435,550,5.0
435,98,4.5
435,22,4.5
435,24,4.5
435,38,4.0
435,272,4.0
435,1422,5.0
435,155,5.0
435,11324,4.5
435,27205,4.5
435,37799,4.5
436,1572,3.0
436,101,3.0
436,278,4.0
436,13,4.0
436,280,4.0
437,807,4.0
437,629,4.0
437,197,4.0
437,11,5.0
437,680,5.0
437,278,5.0
437,13,3.0
437,954,3.0
437,769,5.0
437,207,3.0
438,197,4.5
438,1572,4.0
438,11,5.0
438,278,5.0
438,13,4.0
438,280,5.0
438,954,4.0
438,562,4.0
438,607,4.0
438,115,2.5
438,1366,4.0
438,857,4.0
438,117,4.5
438,2109,3.0
438,603,5.0
438,745,4.0
438,550,3.5
438,98,5.0
438,955,3.5
438,9679,3.5
438,808,4.5
438,5175,4.0
438,585,4.0
438,120,3.0
438,557,4.0
438,2501,4.5
438,121,4.0
438,640,3.5
438,604,3.5
438,12,4.0
438,22,5.0
438,153,4.0
438,24,4.5
438,587,3.5
438,1954,4.0
438,38,4.0
438,652,3.0
438,809,5.0
438,2502,3.5
438,561,3.0
438,272,4.5
438,254,2.0
438,591,3.0
438,1422,4.5
438,9693,3.0
438,36557,4.0
439,197,3.5
439,278,5.0
439,13,5.0
439,280,3.5
439,562,4.5
439,857,4.0
439,603,5.0
439,120,5.0
439,121,4.0
440,78,5.0
440,348,4.5
440,38,4.0
440,9693,3.5
441,807,4.5
441,11,5.0
441,680,5.0
441,280,5.0
441,562,4.0
441,500,4.5
441,603,5.0
441,550,4.5
441,808,4.5
441,120,5.0
441,155,5.0
441,16869,4.5
441,49026,5.0
441,140607,4.5
443,197,4.5
443,11,4.0
443,680,4.0
443,278,5.0
443,13,5.0
443,679,3.0
443,603,3.5
443,745,3.5
443,14,4.0
443,550,4.0
443,120,4.5
443,121,5.0
443,598,4.0
443,38,4.0
443,6479,4.0
443,4922,4.0
443,19995,3.0
443,27205,1.0
443,72190,3.0
443,198663,3.0
443,131631,5.0
444,807,4.0
444,629,5.0
444,197,4.0
444,103,5.0
444,680,5.0
444,278,4.0
444,13,5.0
444,280,4.0
445,807,4.5
445,197,5.0
445,103,3.0
445,11,5.0
445,101,4.0
445,680,4.0
445,13,3.0
445,78,4.0
445,627,5.0
445,857,3.5
445,603,5.0
445,745,4.0
445,550,5.0
445,120,5.0
445,121,4.0
445,423,3.5
445,598,2.0
445,38,4.0
445,272,2.0
445,58,3.0
445,9693,3.5
445,155,3.5
445,13223,4.5
445,16869,4.5
445,11324,4.5
445,27205,4.5
445,244786,4.5
446,807,4.0
446,629,4.0
446,1572,3.0
446,680,4.0
446,13,3.0
446,280,5.0
446,954,4.0
447,197,5.0
447,1572,4.0
447,101,5.0
447,680,5.0
447,278,5.0
447,13,4.0
447,280,4.0
448,807,4.0
448,629,4.0
448,1572,4.0
448,11,5.0
448,680,5.0
448,13,3.0
448,1607,3.0
448,78,4.0
448,280,3.0
448,954,3.0
448,627,4.0
448,238,5.0
448,15,4.5
448,562,5.0
448,500,5.0
448,679,2.0
448,769,5.0
448,348,3.0
448,240,5.0
448,33,4.0
448,607,4.0
448,1366,4.0
448,117,4.0
448,9535,3.0
448,603,2.0
448,745,4.0
448,14,4.0
448,550,4.0
448,492,4.0
448,98,4.0
448,955,2.0
448,9679,2.0
448,585,4.0
448,120,4.0
448,557,4.0
448,2501,3.0
448,121,4.0
448,640,4.0
448,598,5.0
448,604,1.5
448,12,3.5
448,22,3.5
448,153,3.5
448,24,4.0
448,652,3.0
448,2502,3.5
448,272,3.5
448,254,4.0
448,591,2.0
448,58,2.5
448,1422,4.0
448,36557,4.5
448,1372,3.0
448,2062,3.0
448,559,3.0
448,285,2.0
448,6479,3.0
448,155,3.5
448,1726,4.0
448,10764,3.5
448,16869,3.5
448,19995,3.0
448,10528,4.0
448,20504,3.5
448,11324,4.0
448,10138,3.0
448,27205,4.0
448,37799,4.0
448,10195,2.5
448,24428,3.5
448,49026,3.5
448,76493,3.5
448,70981,2.5
448,62177,3.0
448,72105,4.0
448,37724,4.0
448,68721,3.0
448,72190,2.0
448,76338,2.0
448,157336,3.0
448,240832,2.5
448,156022,2.5
448,194662,3.5
448,85350,3.5
448,244786,4.5
448,210577,3.0
448,119450,3.0
448,225886,1.5
448,238636,2.0
448,98566,2.0
448,193893,2.5
448,154400,3.0
448,198663,1.0
448,190859,4.0
448,244761,2.0
448,205587,2.5
448,228150,2.5
448,239563,4.0
448,177572,4.0
448,171274,2.5
448,147441,2.0
448,100042,1.5
448,227159,2.0
448,277547,2.0
448,228967,3.5
448,181533,2.5
448,68737,1.0
448,198184,2.0
448,260346,1.0
448,201088,2.0
448,87101,2.0
448,76341,3.0
448,140607,3.5
448,99861,3.0
448,102899,3.5
448,293660,4.0
448,271110,3.0
448,284276,3.0
448,72784,1.5
448,252838,3.0
448,290764,1.0
448,158852,2.0
448,256961,1.5
448,254470,3.0
448,287424,2.0
448,286217,4.0
448,271718,4.0
448,257344,2.5
448,238615,2.0
448,214756,4.0
448,307081,3.0
448,257211,2.5
449,629,4.5
449,101,4.0
449,278,5.0
449,600,3.0
449,14,4.0
449,550,4.5
449,121,2.0
450,197,5.0
450,103,4.0
450,11,5.0
450,280,5.0
450,954,4.0
450,607,3.0
450,4995,5.0
450,857,5.0
450,14,4.0
450,9532,4.0
451,954,4.0
452,807,5.0
452,197,5.0
452,11,5.0
452,13,5.0
452,78,5.0
452,280,5.0
452,954,5.0
452,238,5.0
452,562,4.0
452,500,5.0
452,679,5.0
452,348,4.0
452,240,5.0
452,600,5.0
452,694,4.0
452,607,4.0
452,115,5.0
452,1366,4.0
452,857,5.0
452,117,4.0
452,2109,5.0
452,603,5.0
452,745,5.0
452,14,4.0
452,497,5.0
452,98,4.0
452,955,5.0
453,807,5.0
453,629,5.0
453,197,5.0
453,1572,5.0
453,11,4.0
453,680,5.0
453,278,5.0
453,13,5.0
453,280,5.0
453,954,3.0
453,627,5.0
453,238,4.0
453,562,5.0
453,500,5.0
453,240,4.0
453,607,4.0
453,115,5.0
453,857,4.0
453,2109,3.0
453,9535,5.0
453,603,5.0
453,745,4.0
453,14,5.0
453,550,5.0
453,492,5.0
453,9532,3.0
453,98,5.0
453,955,2.0
453,9679,2.0
453,808,5.0
453,5175,5.0
453,120,4.0
453,557,4.0
453,2501,4.0
454,103,3.5
454,680,4.0
454,500,4.0
454,14,5.0
454,492,2.5
454,598,4.0
454,24,4.5
454,38,3.5
454,9693,4.0
455,629,3.0
455,197,4.0
455,103,3.0
455,1572,3.0
455,278,5.0
455,13,5.0
455,280,3.0
456,11,5.0
456,954,4.0
457,197,5.0
457,11,5.0
457,745,5.0
457,14,3.0
457,550,5.0
457,98,5.0
457,955,3.0
457,9679,5.0
458,197,5.0
458,1572,4.0
458,680,4.0
458,13,5.0
458,280,3.0
459,11,4.0
459,603,4.0
459,585,4.5
459,557,4.0
459,12,5.0
459,2062,4.0
459,16869,4.5
459,19995,5.0
459,11324,4.5
459,27205,4.5
459,284052,5.0
460,278,5.0
460,13,4.5
460,78,3.0
460,603,4.5
460,745,4.5
460,550,4.5
460,98,5.0
460,808,4.0
460,585,4.0
460,120,5.0
460,2501,5.0
460,121,5.0
460,640,4.0
460,12,5.0
460,22,4.0
460,587,4.0
460,2502,4.0
460,1422,4.0
460,9693,5.0
460,36557,4.0
460,10528,4.5
460,27205,4.5
461,11,0.5
461,278,4.5
461,13,5.0
461,562,0.5
461,769,4.0
461,207,4.5
461,603,0.5
461,745,4.0
461,497,4.0
461,98,0.5
461,16869,0.5
461,11324,4.0
462,807,4.0
462,629,3.5
462,103,5.0
462,11,4.0
462,680,2.5
462,278,4.0
462,13,2.5
462,78,3.5
462,280,2.5
462,627,2.5
462,238,5.0
462,15,4.5
462,562,1.5
462,500,3.5
462,679,2.0
462,769,4.5
462,348,3.0
462,240,4.5
462,600,3.0
462,207,1.0
462,694,2.5
462,33,3.0
462,607,4.0
462,1366,5.0
462,857,2.0
462,603,0.5
462,745,2.5
462,14,3.5
462,550,3.5
462,492,3.5
462,98,2.0
462,585,1.5
462,120,4.5
462,557,1.5
462,121,4.0
462,22,4.0
462,272,2.0
462,9693,4.0
462,36557,1.5
462,12445,2.5
462,68721,3.0
462,240832,3.5
462,119450,4.0
462,205596,3.5
462,122917,1.5
462,76341,2.5
462,329865,4.0
463,197,4.5
463,680,4.0
463,13,4.0
463,240,4.5
463,857,4.5
463,121,5.0
463,423,3.0
463,12,3.5
463,22,3.5
464,807,5.0
464,197,5.0
464,1572,5.0
464,11,5.0
464,101,5.0
464,680,4.5
464,278,5.0
464,13,5.0
464,78,3.5
464,280,5.0
464,954,3.5
464,238,5.0
464,562,5.0
464,769,4.5
464,240,5.0
464,600,5.0
464,857,4.5
464,603,5.0
464,745,5.0
464,14,4.0
464,550,5.0
464,98,5.0
464,120,5.0
464,557,4.0
464,2501,3.0
464,121,5.0
464,640,5.0
464,423,4.0
464,652,5.0
464,809,3.0
464,561,2.5
464,1422,4.0
464,155,3.5
464,1726,3.0
464,19995,5.0
464,10138,3.0
464,27205,5.0
465,103,5.0
465,13,5.0
465,78,5.0
465,562,4.0
465,500,5.0
465,679,5.0
465,348,5.0
465,857,5.0
465,603,4.0
465,745,5.0
465,955,2.0
466,11,1.5
466,278,3.0
466,13,5.0
466,603,4.0
466,550,4.0
466,9532,4.0
466,98,4.0
466,9679,3.5
466,808,3.0
466,5175,3.5
466,120,4.0
466,557,3.5
466,2501,4.0
466,121,4.0
466,640,3.5
466,12,3.5
466,22,4.0
466,24,3.5
466,1954,4.5
466,2502,4.0
466,272,3.5
466,591,4.0
466,58,4.5
466,1372,4.0
466,2062,4.5
466,559,3.5
466,285,4.0
466,675,4.5
466,6479,4.5
466,155,3.0
466,1726,4.0
466,4922,3.5
466,767,4.5
466,10528,4.5
466,11324,4.5
466,10138,4.0
466,27205,4.0
466,12444,4.5
466,12445,4.5
466,24428,3.5
466,157336,4.0
466,210577,3.5
466,205596,4.5
467,857,4.0
468,807,5.0
468,197,4.0
468,103,3.0
468,1572,3.0
468,680,3.0
468,278,3.0
469,807,4.0
469,629,4.0
469,197,5.0
469,103,5.0
469,11,4.0
469,101,4.0
469,680,5.0
469,278,5.0
469,78,5.0
469,280,4.0
469,954,2.0
469,238,5.0
469,15,5.0
469,562,4.0
469,500,5.0
469,679,4.0
469,769,4.0
469,348,5.0
469,240,5.0
469,600,5.0
469,694,5.0
469,607,3.0
469,115,5.0
469,1366,4.0
469,857,4.0
469,117,5.0
469,2109,4.0
469,603,4.0
469,745,5.0
469,14,5.0
469,492,5.0
469,497,5.0
470,807,3.0
470,629,3.0
470,197,5.0
470,1572,3.0
470,680,3.0
470,278,4.0
470,13,5.0
470,280,5.0
470,954,3.0
471,680,4.0
471,13,3.0
471,603,3.5
471,550,4.0
471,585,4.0
471,598,4.0
471,12,4.0
471,22,3.5
471,587,4.0
471,809,2.0
471,16869,4.0
471,27205,4.0
471,205596,3.0
471,263115,4.5
472,629,5.0
472,278,5.0
472,238,5.0
472,240,5.0
472,120,4.0
472,121,4.0
472,1422,5.0
472,155,5.0
472,49026,5.0
473,101,4.0
473,278,5.0
473,550,4.0
473,587,4.0
473,38,5.0
474,807,4.0
474,629,4.0
474,197,3.0
474,103,4.0
474,11,4.0
474,101,3.5
474,680,4.0
474,278,5.0
474,13,3.0
474,78,3.0
474,280,4.0
474,954,3.5
474,627,4.0
474,238,5.0
474,15,4.5
474,562,3.0
474,500,4.0
474,679,3.5
474,769,3.5
474,348,4.0
474,240,5.0
474,600,4.0
474,207,4.5
474,694,4.0
474,33,4.0
474,607,4.5
474,4995,3.5
474,115,3.5
474,1366,4.0
474,857,3.0
474,117,4.0
474,9535,3.0
474,603,4.5
474,745,5.0
474,14,3.5
474,550,4.0
474,492,3.5
474,497,4.0
474,98,3.0
474,808,4.5
474,585,3.0
474,120,5.0
474,557,4.5
474,2501,3.5
474,121,5.0
474,640,4.0
474,423,4.5
474,598,4.0
474,604,3.0
474,12,4.0
474,22,3.5
474,153,3.5
474,24,4.0
474,587,3.0
474,38,4.5
474,809,4.0
474,2502,3.5
474,272,3.5
474,58,3.5
474,1422,4.0
474,9693,4.0
474,675,4.5
475,1572,4.5
475,11,5.0
475,280,5.0
475,607,5.0
475,603,4.5
475,98,5.0
475,9679,4.0
475,808,4.5
475,5175,4.0
475,585,4.5
475,120,5.0
475,557,5.0
475,2501,4.5
475,121,5.0
475,604,4.5
475,12,3.5
475,22,4.5
475,1954,4.0
475,809,4.5
475,2502,4.0
475,561,4.0
475,272,4.5
475,58,4.5
475,559,4.5
475,675,4.5
475,6479,4.5
475,155,3.5
475,1726,4.0
475,767,5.0
475,19995,4.5
475,10138,4.0
475,12444,5.0
475,10195,5.0
475,12445,5.0
475,24428,4.0
475,49026,4.0
475,157336,4.0
475,205596,4.5
475,131631,4.0
475,122917,4.5
475,76341,4.5
475,140607,4.5
475,99861,4.0
475,293660,5.0
475,283995,3.0
475,271110,3.5
475,284052,4.5
475,263115,3.5
476,1572,3.0
476,680,3.0
476,278,5.0
476,13,5.0
476,280,5.0
477,807,4.0
477,11,4.5
477,680,4.5
477,278,5.0
477,13,5.0
477,78,5.0
477,280,5.0
477,954,3.0
477,15,4.0
477,562,4.5
477,500,4.0
477,348,4.5
477,600,5.0
477,207,4.5
477,694,4.5
477,607,4.0
477,857,4.0
477,603,4.0
477,745,4.0
477,14,4.5
477,492,4.0
477,808,4.0
477,120,4.5
477,557,4.0
477,121,4.0
477,604,3.5
477,12,3.5
477,22,3.0
477,153,4.0
477,24,3.5
477,587,4.0
477,38,4.0
477,561,4.0
477,272,4.0
477,254,4.0
477,591,4.0
477,58,3.0
477,1422,5.0
477,9693,4.5
477,1255,5.0
477,559,3.5
477,6479,4.0
477,155,4.5
477,1726,4.5
477,19995,4.0
477,11324,5.0
477,10138,4.0
477,27205,4.5
478,272,4.5
479,197,2.0
479,11,4.0
479,238,4.0
479,857,3.0
479,585,5.0
480,807,4.5
480,629,3.5
480,197,5.0
480,103,4.5
480,1572,3.0
480,11,4.5
480,101,4.5
480,680,4.0
480,278,5.0
480,13,5.0
480,78,4.0
480,280,4.5
480,954,3.0
480,627,4.0
480,238,5.0
480,15,5.0
480,562,3.5
480,500,4.0
480,679,4.0
480,769,4.0
480,348,5.0
480,240,5.0
480,600,3.5
480,207,5.0
480,694,5.0
480,33,5.0
480,607,3.5
480,4995,4.5
480,115,3.5
480,1366,4.5
480,857,4.5
480,117,3.5
480,2109,2.5
480,9535,2.5
480,603,5.0
480,745,4.0
480,14,4.0
480,550,4.5
480,492,4.0
480,497,4.5
480,9532,1.5
480,98,4.5
480,955,2.5
480,9679,3.0
480,808,3.5
480,5175,2.5
480,585,2.5
480,120,3.5
480,557,4.0
480,2501,2.0
480,121,4.5
480,640,5.0
480,423,5.0
480,598,3.5
480,604,2.5
480,12,3.0
480,22,3.0
480,153,3.5
480,24,4.0
480,587,4.5
480,38,4.5
480,652,4.0
480,809,3.5
480,561,3.0
480,272,4.0
480,254,4.0
480,591,3.5
480,58,3.5
480,1422,4.5
480,9693,4.5
480,36557,4.5
480,1372,4.5
482,629,4.0
482,954,4.0
482,562,5.0
482,679,4.5
482,207,3.5
482,22,4.0
482,153,4.0
482,809,5.0
482,2502,4.0
483,807,3.5
483,629,4.5
483,197,4.0
483,1572,4.5
483,11,4.5
483,101,4.0
483,680,5.0
483,278,5.0
483,13,5.0
483,280,4.0
483,954,2.0
483,627,4.5
483,238,4.0
483,562,3.5
483,679,4.5
483,348,4.0
483,240,3.5
483,207,3.5
483,33,4.5
483,607,2.0
483,4995,4.0
483,115,5.0
483,857,4.0
483,117,4.0
483,2109,3.0
483,9535,3.5
483,603,4.5
483,745,3.5
483,14,4.0
483,550,4.5
483,492,5.0
483,497,3.5
483,9532,2.5
483,98,3.5
483,955,0.5
483,9679,3.0
483,808,4.0
483,5175,3.5
483,585,4.5
483,120,4.5
483,557,4.5
483,2501,4.5
483,121,4.5
483,640,4.5
483,598,4.0
483,604,2.5
483,12,4.5
483,22,4.0
483,153,4.5
483,24,5.0
483,587,5.0
483,38,5.0
483,652,2.5
483,809,4.0
483,272,4.0
483,591,3.0
483,58,3.5
483,1422,4.5
483,36557,3.0
483,2062,5.0
483,559,1.5
483,675,4.5
483,6479,3.0
483,155,4.0
483,1726,4.0
483,13223,5.0
483,4922,4.0
483,16869,4.0
483,767,4.0
483,19995,4.5
483,10528,4.5
483,27205,5.0
483,37799,4.0
483,12444,4.5
483,12445,4.5
483,24428,4.0
483,70981,2.5
483,62177,4.0
483,68721,4.5
483,72190,1.5
483,157336,5.0
484,807,4.0
484,278,5.0
484,13,5.0
484,15,4.5
484,500,4.0
484,679,1.5
484,769,4.5
484,348,1.5
484,694,3.5
484,607,3.5
484,745,4.5
484,14,4.5
484,550,5.0
484,9532,3.5
484,9679,3.5
484,24,4.5
484,587,4.5
484,1954,3.5
484,272,4.0
484,1422,5.0
484,1372,4.5
484,2062,5.0
484,155,3.5
484,11324,2.5
484,37799,3.0
485,197,3.0
485,1572,5.0
485,13,5.0
486,807,3.0
486,197,5.0
486,1572,3.0
486,101,5.0
486,680,5.0
486,278,5.0
486,13,5.0
486,280,5.0
486,954,5.0
487,11,4.0
487,278,3.0
487,603,3.0
487,550,4.0
487,808,4.0
487,585,3.5
487,120,4.0
487,2501,2.0
487,121,4.0
487,22,2.5
487,153,3.0
487,24,3.5
487,38,4.0
487,36557,3.0
487,2062,3.0
487,27205,2.5
487,157336,4.0
487,244786,3.0
487,205596,4.5
488,278,5.0
488,745,5.0
488,497,3.5
488,808,5.0
488,585,5.0
488,120,5.0
488,121,5.0
488,423,4.5
488,12,5.0
488,22,4.0
488,587,4.5
488,809,5.0
489,807,3.0
489,197,4.5
489,103,3.0
489,1572,3.0
489,101,4.5
489,680,4.0
489,13,4.0
489,78,4.0
489,280,3.5
489,954,3.0
489,15,3.5
489,562,3.0
489,500,3.5
489,679,4.0
489,348,4.0
489,207,4.0
489,694,4.0
489,607,3.0
489,857,3.0
489,2109,1.5
489,603,4.0
489,745,3.0
489,14,4.0
489,550,4.5
489,497,4.0
489,98,0.5
489,955,2.5
489,9679,1.5
489,808,4.0
489,120,4.0
489,557,3.0
489,121,4.0
489,640,3.5
489,423,3.5
489,604,1.5
489,12,4.0
489,22,2.0
489,24,5.0
489,587,0.5
489,38,4.5
489,561,1.0
489,272,3.5
489,254,2.0
489,591,3.5
489,9693,4.0
489,36557,3.5
489,559,2.5
489,285,2.0
489,1571,3.0
489,675,3.5
489,6479,2.5
489,155,4.0
489,1726,4.5
489,19995,1.5
489,10528,4.0
489,10138,4.0
489,27205,4.5
489,12444,3.5
489,10195,3.0
489,12445,3.5
489,24428,4.5
489,37724,4.0
490,680,4.0
490,13,3.5
490,500,4.0
490,207,3.0
490,603,4.0
490,550,3.5
490,120,3.5
490,121,3.5
490,598,4.0
490,604,2.5
490,22,3.0
490,38,4.0
490,272,3.0
490,9693,3.5
490,285,2.0
490,1571,3.0
490,675,2.5
490,155,4.0
490,13223,3.5
490,767,3.0
490,19995,3.0
490,11324,3.5
490,27205,4.0
490,37799,4.0
490,12444,3.0
490,12445,3.5
491,13,4.5
491,808,2.0
491,22,3.0
491,2062,4.0
491,675,5.0
491,767,5.0
491,12444,5.0
491,12445,5.0
491,72105,3.0
491,257211,4.0
492,11,4.0
492,954,4.0
492,627,2.0
492,238,3.0
493,197,5.0
493,11,5.0
493,280,4.0
493,238,5.0
493,679,4.0
493,348,2.0
493,240,5.0
493,600,4.0
493,1366,5.0
493,857,4.0
493,603,5.0
493,98,3.0
493,5175,5.0
494,197,5.0
494,11,5.0
494,280,5.0
494,238,5.0
494,562,5.0
494,679,5.0
494,348,5.0
494,240,5.0
494,857,5.0
494,603,5.0
494,98,5.0
495,629,4.0
495,278,5.0
495,13,4.0
495,238,4.5
495,207,5.0
495,607,3.5
495,115,5.0
495,857,4.5
495,2109,4.5
495,603,5.0
495,745,4.5
495,550,5.0
495,492,3.5
495,9532,0.5
495,98,5.0
495,9679,4.5
495,5175,3.0
495,120,0.5
495,121,0.5
495,640,5.0
495,604,3.0
495,22,2.5
495,24,5.0
495,1954,5.0
495,38,4.5
495,652,4.0
495,58,1.0
495,1422,5.0
495,1372,4.5
495,2062,4.5
495,6479,3.5
495,155,5.0
495,13223,4.5
495,16869,4.5
495,19995,5.0
495,11324,4.5
495,27205,5.0
495,37799,5.0
495,12445,5.0
495,24428,4.0
495,110415,4.0
495,194662,5.0
495,85350,4.5
495,210577,5.0
495,242582,5.0
495,131631,4.5
495,76341,4.5
495,140607,4.5
495,293660,5.0
495,286217,5.0
495,307081,4.0
496,238,5.0
496,240,4.0
496,808,3.0
496,120,4.0
496,121,4.0
496,155,4.5
496,62177,3.0
497,629,3.0
497,103,5.0
497,11,2.0
497,278,3.0
497,238,4.0
497,694,4.0
497,857,3.0
497,603,2.5
497,745,5.0
497,14,4.0
497,550,4.0
497,120,2.0
497,557,3.0
497,121,2.0
497,22,2.5
497,38,5.0
497,155,4.0
497,27205,2.0
497,157336,5.0
497,194662,5.0
497,85350,4.0
497,244786,5.0
497,210577,3.5
498,807,3.0
498,197,5.0
498,680,4.0
498,278,5.0
498,13,5.0
498,954,5.0
500,11,4.0
500,13,4.0
500,607,4.0
500,9535,4.0
500,14,5.0
500,492,5.0
500,808,5.0
501,629,3.0
502,278,5.0
502,348,4.5
502,497,5.0
502,955,0.5
503,680,5.0
503,278,4.0
503,13,4.0
503,238,4.5
503,562,4.5
503,500,4.5
503,769,5.0
503,348,2.5
503,240,4.0
503,857,3.0
503,603,4.5
503,745,3.0
503,14,4.0
503,550,3.5
503,497,4.5
503,2501,1.5
503,12,3.0
503,153,3.5
503,38,2.5
503,1422,4.0
503,16869,4.5
503,27205,3.5
504,680,4.0
504,808,4.5
504,120,4.0
504,121,4.0
504,640,4.0
504,12,4.0
504,153,4.5
505,807,5.0
505,550,5.0
506,591,0.5
506,285,0.5
506,4922,1.0
506,157336,5.0
506,244786,3.5
506,210577,3.0
507,807,3.0
507,197,3.0
507,1572,3.0
507,13,4.0
507,280,3.0
508,600,4.5
509,11,4.0
509,680,3.5
509,115,3.5
509,857,3.5
509,603,3.5
509,745,4.0
509,98,3.0
509,808,4.0
509,585,3.5
509,120,5.0
509,557,2.5
509,121,5.0
509,604,2.5
509,12,3.5
509,22,3.5
509,24,3.0
509,587,3.0
509,652,2.5
509,809,4.0
509,254,3.0
509,591,3.0
509,58,3.5
509,2062,3.5
509,559,1.0
509,285,3.5
509,6479,3.5
509,155,3.5
509,1726,3.0
509,4922,2.5
509,10528,3.5
509,10138,3.5
509,27205,3.5
509,10195,3.5
509,24428,4.5
509,49026,4.0
509,62177,4.0
509,76338,3.5
509,110415,4.0
509,157336,3.0
509,177572,4.5
509,131631,3.5
509,99861,4.0
509,150689,4.0
509,254470,5.0
510,629,4.0
510,238,4.5
510,562,4.0
510,769,3.5
510,694,4.0
510,4995,3.0
510,745,2.5
510,120,2.5
510,121,3.0
510,272,4.0
511,278,5.0
511,13,4.5
511,603,5.0
511,550,5.0
511,120,5.0
511,557,3.5
511,254,3.5
511,27205,5.0
511,24428,4.5
511,49026,5.0
511,76493,4.0
511,76203,4.0
511,110415,3.5
511,157336,4.5
511,119450,4.0
511,76341,4.0
511,286217,4.0
511,329865,4.0
512,807,5.0
512,629,5.0
512,197,5.0
512,1572,5.0
512,680,5.0
512,278,5.0
512,13,5.0
512,280,3.0
513,197,4.0
513,11,5.0
513,680,4.5
513,278,5.0
513,15,4.0
513,694,2.5
513,14,4.0
513,808,4.0
513,557,4.0
513,121,3.0
514,807,4.0
514,11,5.0
514,680,4.0
514,13,4.0
514,280,4.0
514,954,4.0
514,627,2.5
514,562,4.0
514,500,4.0
514,679,5.0
514,769,4.5
514,348,4.0
514,694,4.0
514,33,4.0
514,4995,4.5
514,1366,4.0
514,857,4.0
514,117,4.0
514,603,4.0
514,745,4.0
514,14,4.0
514,550,2.5
514,808,4.0
514,120,2.0
514,121,2.0
514,12,4.0
514,36557,3.5
514,2062,4.0
514,1571,3.0
514,155,3.0
514,16869,4.0
514,10528,4.0
514,11324,4.0
514,27205,4.0
514,37799,5.0
514,49026,3.0
514,157336,4.0
514,194662,2.5
514,244786,4.5
514,177572,4.0
514,227159,4.0
514,102899,2.0
514,284054,2.0
514,286217,4.0
514,181808,2.0
515,629,4.5
515,11,5.0
515,278,5.0
515,13,5.0
515,857,5.0
515,550,5.0
515,497,5.0
515,272,5.0
515,1422,5.0
515,155,5.0
515,1726,5.0
515,27205,5.0
515,49026,5.0
515,244786,5.0
515,205596,5.0
515,283995,5.0
515,263115,5.0
515,335984,5.0
515,181808,4.0
516,11,5.0
516,1366,5.0
516,808,5.0
517,807,2.0
517,197,1.5
517,1572,2.5
517,11,3.5
517,278,4.0
517,13,3.5
517,207,2.0
517,607,3.0
517,1366,0.5
517,857,3.0
517,603,2.5
517,14,1.0
517,497,4.0
517,98,1.0
517,808,4.0
517,585,2.0
517,2501,3.0
517,640,2.0
517,12,4.0
517,22,2.5
517,38,1.5
517,809,2.5
517,2502,2.5
517,591,0.5
517,58,3.5
517,36557,1.5
517,285,2.5
517,675,3.0
517,6479,3.0
517,10764,0.5
517,4922,3.5
517,16869,0.5
517,767,3.0
517,12445,3.5
517,62177,2.5
517,37724,1.0
517,205596,4.0
517,181533,3.0
518,604,4.0
518,12,5.0
519,278,5.0
519,13,5.0
519,9679,3.5
519,640,4.0
519,19995,4.0
519,271718,4.0
519,257211,4.0
520,278,5.0
520,13,3.5
520,78,5.0
520,280,4.5
520,238,2.0
520,679,5.0
520,348,5.0
520,607,5.0
520,115,3.5
520,117,4.0
520,603,5.0
520,492,4.0
520,497,4.0
520,808,4.0
520,585,4.0
520,120,4.0
520,557,4.0
520,121,3.5
520,604,3.5
520,587,4.0
520,652,2.0
520,36557,3.0
520,1726,5.0
520,10764,2.5
520,16869,4.5
520,19995,4.5
520,10528,5.0
521,954,4.0
522,629,4.5
522,197,4.0
522,11,5.0
522,680,5.0
522,278,5.0
522,13,3.5
522,78,2.5
522,627,4.0
522,238,4.5
522,562,4.0
522,500,4.0
522,679,4.5
522,769,3.5
522,348,5.0
522,240,4.0
522,607,4.0
522,115,4.5
522,857,5.0
522,603,4.0
522,14,5.0
522,550,4.0
522,492,4.5
522,98,4.0
522,120,3.5
522,121,2.5
522,598,4.5
522,22,5.0
522,38,4.0
522,272,4.0
522,1422,5.0
522,36557,5.0
522,155,5.0
522,1726,4.0
522,10764,4.5
522,16869,4.5
522,19995,1.0
522,10138,4.0
522,27205,5.0
522,37799,4.5
522,12444,3.5
522,12445,4.0
522,24428,5.0
522,49026,4.0
522,37724,4.5
522,68721,3.5
523,101,5.0
523,278,5.0
523,13,4.5
523,550,4.5
523,497,5.0
523,98,5.0
523,120,5.0
523,121,5.0
523,640,5.0
523,22,4.5
523,587,5.0
523,38,5.0
523,561,5.0
523,58,4.5
523,559,4.5
523,6479,5.0
523,155,5.0
523,11324,5.0
523,49026,5.0
523,62177,4.5
523,205596,5.0
523,293660,5.0
523,286217,3.5
523,263115,5.0
524,807,5.0
524,629,2.0
524,197,3.0
524,1572,3.0
524,11,5.0
524,278,1.0
524,78,5.0
524,280,5.0
524,954,3.0
524,15,3.0
524,679,5.0
524,348,3.0
524,207,3.0
524,33,5.0
525,807,3.5
525,629,4.5
525,11,4.0
525,101,4.0
525,278,4.5
525,13,4.0
525,562,4.5
525,600,3.5
525,207,4.5
525,1366,3.5
525,603,4.0
525,14,4.0
525,550,3.5
525,492,4.5
525,98,3.5
525,808,3.5
525,585,3.5
525,640,3.5
525,604,2.5
525,12,4.5
525,22,4.5
525,153,4.0
525,24,4.5
525,587,3.5
525,38,3.5
525,652,3.5
525,809,3.0
525,272,3.0
525,58,2.0
525,9693,4.0
525,36557,3.5
525,2062,3.5
525,1571,3.0
525,675,4.0
525,155,4.0
525,1726,3.0
525,10764,3.0
525,767,4.0
525,19995,3.0
525,27205,4.0
525,37799,4.0
525,12444,4.0
525,10195,3.0
525,12445,3.5
525,24428,4.5
525,49026,3.5
525,62177,4.0
525,37724,4.0
525,157336,4.0
525,194662,3.0
525,244786,3.0
525,210577,3.5
525,205596,4.0
525,131631,3.0
525,76341,4.5
525,140607,4.0
525,99861,2.0
525,102899,3.5
525,293660,3.5
525,271110,3.5
525,254470,2.5
525,286217,4.0
526,680,4.0
526,278,4.0
526,627,4.0
526,207,4.5
526,115,4.5
526,857,3.0
526,14,4.0
526,550,4.0
526,587,4.5
526,4922,3.0
526,37724,3.5
526,85350,5.0
526,286217,4.5
527,11,5.0
527,348,5.0
527,207,4.0
527,694,5.0
527,497,5.0
528,197,5.0
528,680,4.0
528,13,5.0
528,280,4.0
528,627,4.0
528,562,5.0
528,769,4.0
528,600,4.0
528,603,5.0
528,14,1.0
528,497,3.5
528,98,5.0
528,585,3.5
528,2501,5.0
528,12,2.0
528,24,3.5
528,272,4.5
528,1422,4.5
528,1372,2.5
528,155,5.0
528,1726,3.0
528,13223,3.5
528,37799,3.5
528,12444,1.5
528,12445,1.0
528,24428,3.5
528,49026,4.5
529,11,5.0
529,954,3.0
530,13,5.0
531,11,5.0
531,120,5.0
531,557,5.0
532,197,5.0
532,103,4.0
532,101,3.0
532,278,4.0
532,280,4.0
532,238,5.0
532,679,5.0
532,769,5.0
532,348,5.0
532,607,5.0
532,1366,3.0
532,857,5.0
532,117,5.0
532,603,5.0
532,14,4.0
532,550,5.0
532,497,5.0
533,13,5.0
533,679,4.0
533,348,4.0
533,694,4.5
533,603,5.0
533,550,5.0
533,585,5.0
533,27205,4.0
533,201088,3.0
533,210860,3.0
534,807,4.0
534,1572,4.5
534,11,4.5
534,13,4.5
534,562,4.5
534,607,4.0
534,857,4.5
534,2109,4.0
534,603,4.0
534,745,4.0
534,14,3.5
534,98,4.5
534,808,4.5
534,5175,4.0
534,585,4.0
534,120,4.0
534,557,3.5
534,2501,4.5
534,121,4.0
534,12,4.0
534,22,4.5
534,24,4.5
534,1954,4.5
534,652,3.5
534,809,3.5
534,272,3.0
534,254,4.0
534,58,4.0
534,9693,4.0
534,36557,4.0
534,2062,4.0
534,559,3.5
534,285,3.5
534,1571,3.5
534,6479,3.5
534,155,2.0
534,1726,4.0
534,10764,3.5
534,4922,4.5
534,16869,4.0
534,19995,3.0
534,10528,4.5
534,10138,3.5
534,27205,4.5
534,10195,3.5
534,24428,4.0
534,70981,3.0
534,62177,3.0
534,72105,1.5
534,37724,3.5
534,68721,3.0
534,72190,4.0
534,76338,4.0
534,110415,3.5
534,157336,3.5
534,119450,1.5
534,238636,3.5
534,184315,4.0
534,198663,2.5
534,177572,2.5
534,122917,3.0
534,68737,3.5
534,76341,3.0
534,140607,3.5
534,99861,3.5
534,102899,3.0
534,293660,5.0
534,158852,4.5
534,256961,3.5
534,254470,2.5
534,286217,3.0
535,9535,3.0
535,603,4.0
535,745,5.0
535,14,5.0
536,197,5.0
536,1572,2.0
536,13,5.0
536,280,3.0
537,278,4.0
537,603,4.0
537,497,4.0
537,120,4.5
537,121,4.5
537,640,5.0
537,22,5.0
537,58,5.0
537,1422,4.5
537,285,5.0
537,155,3.5
537,767,4.0
537,19995,5.0
537,27205,5.0
537,37799,4.0
537,24428,1.5
538,155,4.5
538,767,4.0
539,278,4.0
539,808,5.0
539,585,4.5
539,12,5.0
539,22,4.5
539,809,3.5
539,2062,5.0
540,807,4.5
540,11,5.0
540,680,5.0
540,280,4.5
540,954,3.5
540,857,5.0
540,603,4.0
540,550,4.5
540,585,3.5
540,120,4.0
540,557,4.0
540,604,3.5
540,22,4.5
540,58,4.0
540,1422,5.0
541,807,1.0
541,629,5.0
541,197,5.0
541,1572,3.0
541,101,3.0
541,278,4.0
541,13,5.0
541,280,3.0
541,954,5.0
542,807,5.0
542,680,3.5
542,278,5.0
542,13,5.0
542,679,4.0
542,207,5.0
542,607,3.5
542,115,0.5
542,9535,3.5
542,603,5.0
542,14,4.5
542,550,5.0
542,492,3.5
542,955,2.5
542,9679,2.5
542,808,5.0
542,585,3.5
542,2501,4.0
542,640,4.5
542,604,1.0
542,12,4.5
542,22,4.0
542,24,2.5
542,1954,5.0
542,38,4.0
542,809,4.5
542,2502,2.0
542,591,3.5
542,1422,3.5
543,1572,5.0
543,13,3.0
543,562,5.0
543,607,5.0
543,603,5.0
543,745,5.0
543,14,5.0
543,550,5.0
543,585,5.0
543,640,5.0
543,12,5.0
543,38,5.0
543,272,5.0
543,2062,5.0
543,16869,4.0
543,19995,5.0
544,954,4.0
545,272,3.5
546,101,3.0
546,280,5.0
546,4995,5.0
546,14,5.0
546,9532,4.0
547,78,5.0
547,117,3.0
547,14,5.0
548,11,3.5
548,13,5.0
548,603,5.0
548,98,4.0
548,24,4.5
548,652,4.5
548,155,5.0
548,293660,3.0
549,197,3.0
549,11,2.0
549,101,5.0
549,278,4.0
549,280,3.0
549,562,4.0
549,857,5.0
549,603,5.0
549,550,5.0
549,121,3.5
549,1422,5.0
549,155,4.0
549,27205,5.0
550,278,4.5
550,13,4.0
550,603,4.5
550,640,4.0
550,155,4.0
550,1726,5.0
550,10138,4.0
550,27205,5.0
550,10195,4.0
550,24428,5.0
550,68721,4.0
550,157336,5.0
550,205596,4.5
550,76341,4.0
550,99861,4.0
550,293660,5.0
550,286217,4.0
551,807,4.5
551,197,3.5
551,11,3.5
551,101,4.5
551,680,3.5
551,278,4.0
551,13,4.5
551,280,4.0
551,954,4.0
551,562,4.5
551,857,4.5
551,603,4.0
551,745,4.0
551,550,4.5
551,497,4.0
551,955,4.0
551,808,4.0
551,5175,3.5
551,120,2.0
551,557,2.0
551,2501,4.5
551,121,2.0
551,640,4.0
551,604,4.0
551,12,4.0
551,24,0.5
551,9693,3.0
551,36557,4.5
551,1372,4.0
551,6479,4.0
551,1726,4.0
551,10764,4.0
551,13223,3.0
551,19995,3.5
551,10528,4.0
551,10138,4.0
551,27205,4.0
551,12445,4.0
551,24428,4.0
551,37724,4.5
551,156022,4.5
551,194662,0.5
551,190859,4.0
551,228150,4.0
551,205596,4.0
551,122917,1.0
551,283995,4.0
551,286217,4.5
551,263115,3.0
552,680,4.0
552,13,4.0
552,78,5.0
552,15,4.5
552,600,4.0
552,117,4.0
552,9535,3.0
552,603,4.5
552,745,4.0
552,550,4.5
552,9532,0.5
552,5175,2.0
552,557,4.0
552,12,4.5
552,38,4.0
553,629,4.0
553,1572,4.5
553,101,4.0
553,680,5.0
553,1607,4.5
553,627,5.0
553,238,5.0
553,500,4.5
553,769,5.0
553,240,5.0
553,115,3.5
553,603,3.5
553,14,5.0
553,550,5.0
553,2501,4.0
553,640,5.0
553,598,5.0
553,38,5.0
553,2502,4.5
553,1422,5.0
553,1372,4.0
554,238,5.0
554,15,2.0
554,769,5.0
554,4995,5.0
554,857,5.0
554,603,5.0
554,14,5.0
555,629,5.0
555,197,5.0
555,11,5.0
555,101,5.0
555,680,4.0
555,278,5.0
555,13,5.0
555,78,4.0
555,280,5.0
555,627,5.0
555,562,4.0
555,500,5.0
555,679,5.0
555,769,5.0
555,348,5.0
555,600,4.0
555,694,5.0
555,33,4.0
555,607,2.0
555,115,4.0
555,857,5.0
555,9535,4.0
555,603,5.0
555,745,4.0
555,14,5.0
555,550,4.0
555,492,5.0
555,497,5.0
556,120,4.5
556,121,4.0
556,22,4.0
556,675,4.0
556,767,3.5
556,19995,4.0
556,12445,4.5
557,1572,5.0
557,11,3.0
557,278,4.5
557,954,5.0
557,562,5.0
557,607,3.0
557,857,3.5
557,603,4.5
557,808,4.5
557,286217,3.5
558,680,3.0
558,600,5.0
558,857,4.0
558,808,5.0
558,585,4.0
558,120,5.0
559,197,4.0
559,1572,3.0
559,11,5.0
559,680,3.0
559,278,5.0
559,13,4.0
559,280,4.0
559,954,3.0
559,607,5.0
560,807,4.0
560,629,4.0
560,197,4.0
560,11,4.0
560,101,4.5
560,680,4.0
560,13,3.5
560,280,3.0
560,627,4.5
560,15,4.0
560,500,4.0
560,348,3.5
560,600,4.0
560,207,3.5
560,607,4.0
560,4995,4.0
560,115,4.5
560,857,3.5
560,2109,3.5
560,603,4.5
560,745,4.0
560,14,4.0
560,550,4.5
560,497,4.0
560,98,4.0
560,808,3.5
560,120,4.0
560,557,3.5
560,2501,4.0
560,121,4.0
560,640,4.0
560,604,3.5
560,22,3.5
560,24,4.0
560,587,3.0
560,38,4.0
560,2502,4.0
560,561,3.5
560,272,3.5
560,254,3.0
560,591,3.0
560,58,3.5
560,1422,4.0
560,9693,4.0
560,36557,4.0
560,1372,3.5
560,155,4.5
560,13223,3.5
560,16869,4.0
560,10528,3.5
560,11324,3.5
560,27205,4.0
560,37799,4.0
560,12445,3.0
560,49026,3.5
560,110415,2.0
560,157336,3.0
560,244786,3.5
560,210577,4.0
560,242582,4.0
560,205596,3.0
560,76341,4.0
560,140607,4.0
560,293660,3.0
560,286217,4.0
561,807,4.5
561,629,4.5
561,197,5.0
561,11,4.5
561,101,4.0
561,680,4.5
561,278,5.0
561,13,4.0
561,280,4.0
561,954,3.0
561,15,4.0
561,562,4.5
561,500,3.5
561,679,4.5
561,769,4.0
561,348,4.5
561,600,4.5
561,207,4.0
561,694,4.5
561,607,3.0
561,115,5.0
561,1366,4.5
561,857,4.5
561,117,4.5
561,2109,2.5
561,603,4.0
561,745,4.0
561,14,3.5
561,550,4.0
561,492,3.0
561,98,5.0
561,955,2.5
561,585,4.0
561,120,5.0
561,557,3.5
561,2501,4.5
561,121,5.0
561,640,3.0
561,604,2.5
561,12,3.5
561,22,4.5
561,153,3.0
561,24,4.5
561,587,3.0
561,38,3.0
561,652,4.0
561,809,3.0
561,2502,4.0
561,272,4.0
561,254,3.0
561,1422,4.5
561,36557,3.0
561,1372,3.0
561,2062,3.0
561,559,2.0
561,6479,2.5
561,155,5.0
561,1726,3.5
561,13223,3.0
561,16869,3.5
561,19995,3.0
561,10528,4.5
561,11324,3.0
561,10138,3.0
561,27205,3.5
561,37799,4.0
561,10195,4.0
561,24428,4.5
561,49026,4.0
561,70981,2.0
561,62177,2.5
561,37724,3.0
561,68721,2.5
561,146233,3.0
561,110415,4.0
561,157336,3.0
561,156022,3.0
561,119450,3.5
561,228150,3.0
561,177572,3.0
561,131631,2.5
561,87101,1.0
561,76341,4.5
561,140607,4.0
561,102899,3.5
561,293660,2.0
561,271110,3.5
561,284052,2.5
561,286217,3.5
561,329865,3.5
562,629,4.0
562,197,4.0
562,680,5.0
562,278,5.0
562,13,5.0
562,280,4.5
562,679,4.0
562,348,4.5
562,207,5.0
562,694,4.0
562,857,3.0
562,603,5.0
562,745,4.0
562,14,5.0
562,550,4.5
562,497,4.0
562,98,3.5
562,808,5.0
562,585,4.5
562,640,4.0
562,12,4.5
562,22,3.0
562,24,4.5
562,587,4.0
562,2502,3.0
562,155,4.0
562,16869,4.0
562,27205,3.0
563,13,4.0
563,72105,4.0
563,76203,4.0
563,244786,4.5
563,225886,3.0
563,190859,3.5
563,271718,4.5
564,278,3.0
564,13,3.0
564,2109,3.0
564,4922,1.5
564,49530,2.0
564,76493,5.0
564,72105,3.5
564,37724,3.0
564,193893,3.0
564,177572,1.0
564,227159,5.0
564,228967,4.5
564,252838,5.0
564,214756,3.0
564,257211,3.5
565,807,4.0
565,629,5.0
565,1572,3.0
565,680,5.0
565,278,4.0
565,13,4.0
566,629,5.0
566,197,5.0
566,1572,3.0
566,680,4.0
566,278,5.0
566,13,5.0
566,78,4.0
566,954,4.0
567,629,1.0
567,11,2.0
567,13,3.0
567,78,3.5
567,954,2.5
567,120,3.0
567,557,2.5
567,121,3.0
567,12,3.0
567,38,5.0
567,272,2.5
567,2062,4.0
567,559,2.5
567,155,4.0
567,1726,3.0
567,19995,1.0
567,10138,2.0
567,27205,3.0
567,37799,3.5
567,10195,1.5
567,24428,4.0
567,62177,2.0
567,37724,3.0
567,68721,3.0
567,72190,1.5
567,76338,1.5
567,110415,3.0
567,157336,3.0
567,240832,1.0
567,85350,0.5
567,244786,3.5
567,119450,2.0
567,184315,1.5
567,198663,1.0
567,177572,2.0
567,205596,3.0
567,87101,1.5
567,76341,4.0
567,99861,2.0
567,102899,3.0
567,284054,1.5
567,299536,3.0
567,283995,3.5
567,271110,2.5
567,284052,3.0
567,262500,0.5
567,286217,3.0
567,334074,0.5
567,257344,1.0
567,280996,3.0
567,329865,4.0
567,263115,4.0
567,335984,5.0
567,181808,2.0
568,629,5.0
568,680,4.5
568,13,5.0
569,629,3.0
569,1572,5.0
569,680,5.0
569,13,3.0
570,807,3.5
570,197,3.5
570,103,3.0
570,1572,4.0
570,11,3.5
570,101,3.5
570,278,4.0
570,13,4.0
570,280,4.0
570,954,3.5
570,627,4.0
570,238,3.0
570,15,2.5
570,562,4.0
570,679,4.0
570,348,3.5
570,207,3.5
570,694,3.0
570,607,4.0
570,857,4.0
570,603,4.5
570,745,4.0
570,14,4.0
570,550,4.0
570,492,3.5
570,497,4.0
570,98,4.0
570,808,4.0
570,585,3.5
570,120,4.0
570,557,4.0
570,640,3.5
570,22,3.5
570,1954,4.0
570,38,4.0
570,272,3.5
570,58,4.0
570,1422,3.5
570,9693,4.0
570,36557,4.0
570,1372,3.5
570,285,3.0
571,348,2.0
571,694,5.0
572,103,4.0
572,11,5.0
572,278,5.0
572,13,4.0
572,954,2.0
572,238,5.0
572,348,4.0
572,240,5.0
572,1366,4.0
572,857,5.0
572,9535,4.0
573,807,5.0
573,629,5.0
573,197,5.0
573,1572,5.0
573,11,5.0
573,101,5.0
573,680,5.0
573,278,4.5
573,13,4.5
573,280,5.0
573,954,4.5
573,238,5.0
573,562,5.0
573,500,4.5
573,679,4.0
573,769,4.5
573,348,4.5
573,240,3.0
573,607,4.5
573,857,5.0
573,603,5.0
573,745,4.0
573,14,2.0
573,550,5.0
573,98,3.5
573,808,4.5
573,585,4.0
573,120,5.0
573,557,5.0
573,121,4.5
573,640,4.0
573,604,4.5
573,12,4.0
573,22,5.0
573,24,4.5
573,809,3.0
573,2502,4.5
573,272,4.5
573,254,4.5
573,58,5.0
573,1422,5.0
573,9693,4.5
573,36557,4.5
573,1372,4.0
573,559,2.5
573,285,4.5
573,1571,4.5
573,155,5.0
573,1726,4.5
573,13223,4.5
573,16869,5.0
573,19995,5.0
573,11324,4.5
573,27205,5.0
573,37799,5.0
573,10195,4.5
573,24428,5.0
573,49026,5.0
573,70981,4.5
573,37724,5.0
573,68721,5.0
573,157336,5.0
574,807,5.0
574,197,5.0
574,680,3.0
574,278,5.0
575,680,5.0
575,9535,3.0
575,603,4.0
577,197,4.0
577,11,5.0
577,278,5.0
577,13,5.0
577,78,3.0
577,238,5.0
577,15,3.0
577,562,3.0
577,679,3.0
577,769,4.0
577,348,4.0
577,240,4.0
577,600,4.0
577,607,3.0
577,1366,4.0
577,857,5.0
577,117,4.0
578,10528,5.0
579,197,5.0
579,13,5.0
579,607,4.0
579,857,3.0
579,603,5.0
579,745,3.0
579,955,4.0
579,9679,4.0
580,807,5.0
580,629,5.0
580,197,4.5
580,103,4.0
580,11,4.0
580,101,5.0
580,680,5.0
580,278,5.0
580,13,4.0
580,78,5.0
580,280,4.0
580,627,5.0
580,238,4.5
580,562,4.0
580,500,5.0
580,679,4.5
580,769,4.0
580,348,4.0
580,240,4.0
580,600,5.0
580,207,4.0
580,33,4.0
580,607,4.0
580,115,4.5
580,857,5.0
580,117,2.5
580,9535,2.5
580,603,5.0
580,745,4.5
580,14,5.0
580,550,5.0
580,497,3.0
580,98,4.0
580,955,3.5
580,808,4.0
580,120,4.5
580,557,3.5
580,2501,4.5
580,121,4.5
580,598,4.5
580,604,5.0
580,12,4.5
580,22,4.0
580,153,5.0
580,24,5.0
580,1954,3.5
580,38,4.0
580,809,4.0
580,2502,2.5
580,272,5.0
580,254,4.0
580,591,4.0
580,58,4.5
580,1422,4.5
580,9693,5.0
580,36557,4.5
580,1571,4.5
580,6479,4.5
581,278,5.0
581,13,4.5
581,603,3.5
581,745,4.5
581,550,4.5
581,497,5.0
581,808,4.5
581,585,4.5
581,120,4.5
581,557,4.5
581,121,4.5
581,640,3.5
581,423,5.0
581,12,4.5
581,587,3.5
581,38,5.0
581,1726,4.0
581,27205,4.5
581,157336,4.5
581,244786,4.5
581,205596,4.0
581,286217,4.0
582,11,4.0
582,603,5.0
582,550,4.0
582,120,3.5
582,1422,4.0
582,36557,4.5
582,675,4.0
582,155,4.5
582,1726,4.5
582,16869,4.0
582,767,4.5
582,20504,3.5
582,11324,4.0
582,10138,2.5
582,27205,5.0
582,12444,5.0
582,12445,5.0
582,24428,5.0
582,49026,4.5
582,70981,4.0
582,37724,4.5
582,68721,4.5
582,157336,4.5
582,177572,3.5
582,205596,3.5
582,140607,4.5
582,286217,4.0
583,680,4.0
583,13,4.0
583,115,3.5
583,808,3.0
583,227159,2.5
583,254470,4.0
584,807,5.0
584,197,5.0
584,1572,5.0
584,101,3.0
584,680,3.0
584,13,5.0
584,280,5.0
585,103,4.5
585,680,5.0
585,1607,5.0
585,238,5.0
585,500,4.5
585,769,5.0
585,600,4.0
585,115,4.0
585,14,4.5
585,550,5.0
585,598,5.0
585,1954,2.5
585,1422,4.5
585,155,4.0
585,13223,4.5
585,16869,5.0
585,11324,5.0
585,27205,4.0
585,37799,4.5
586,197,5.0
586,11,4.5
586,278,5.0
586,280,5.0
586,238,3.0
586,679,5.0
586,240,3.0
586,607,5.0
586,857,2.5
586,603,5.0
586,745,3.0
586,497,4.0
586,98,5.0
586,585,5.0
586,120,5.0
586,2501,3.5
586,121,5.0
586,604,4.0
586,22,5.0
586,2502,5.0
586,272,4.0
586,2062,5.0
586,675,4.5
586,155,4.5
586,1726,5.0
586,16869,4.0
586,19995,4.0
586,11324,3.0
586,10138,5.0
586,24428,4.5
586,49026,4.5
586,62177,5.0
586,37724,3.5
586,68721,4.5
586,131631,4.5
586,270946,5.0
586,122917,5.0
586,260346,5.0
586,87101,4.0
586,140607,5.0
586,102899,4.5
586,293660,4.0
586,284054,5.0
586,299536,4.5
586,283995,5.0
586,271110,5.0
586,284052,5.0
586,286217,2.5
586,263115,5.0
586,335984,2.5
586,181808,5.0
587,629,5.0
587,680,5.0
587,13,4.0
587,607,4.0
587,9535,1.0
587,603,4.0
587,14,5.0
587,492,4.0
588,807,3.0
588,629,5.0
588,197,5.0
588,1572,4.0
588,680,5.0
588,278,5.0
588,13,3.0
588,1607,4.0
588,280,3.0
588,627,5.0
589,103,5.0
589,680,5.0
589,278,5.0
589,13,5.0
590,807,3.0
590,629,4.5
590,197,4.0
590,103,4.0
590,1572,3.0
590,11,5.0
590,680,4.5
590,278,4.5
590,13,5.0
590,78,4.5
590,280,4.5
590,954,3.5
590,238,5.0
590,15,4.0
590,562,4.0
590,500,4.0
590,679,4.5
590,769,4.0
590,348,4.5
590,240,5.0
590,207,3.5
590,694,4.0
590,33,4.5
590,607,3.5
590,115,4.0
590,1366,4.5
590,857,4.0
590,117,4.0
590,2109,3.0
590,9535,3.0
590,603,4.0
590,745,3.5
590,14,3.0
590,550,3.5
590,497,4.5
590,98,4.5
590,955,2.5
590,808,4.0
590,5175,2.5
590,120,4.5
590,557,3.0
590,2501,3.5
590,121,5.0
590,640,3.5
590,604,3.0
590,12,3.5
590,22,4.0
590,24,4.0
590,587,3.0
590,652,3.0
590,809,3.5
590,2502,3.0
590,272,4.0
590,254,3.5
590,591,2.5
590,58,3.0
590,1422,4.0
590,36557,4.0
590,1372,3.0
590,559,3.0
590,285,2.0
590,1571,3.0
590,675,4.0
590,155,4.5
590,1726,3.5
590,10764,3.0
590,13223,4.0
590,4922,3.5
590,16869,4.5
590,767,4.0
590,19995,3.5
590,12444,4.0
591,11,5.0
591,13,4.0
591,603,5.0
591,745,4.0
591,550,2.0
591,492,2.0
591,9532,4.0
591,98,5.0
591,955,3.0
591,9679,4.0
592,197,5.0
592,1572,3.0
592,101,4.0
592,680,4.0
592,278,4.0
592,13,5.0
592,280,5.0
592,954,4.0
593,629,4.5
593,197,3.0
593,11,5.0
593,278,4.5
593,13,4.0
593,954,3.0
593,238,5.0
593,240,4.0
593,607,1.5
593,603,2.5
593,14,4.5
593,550,4.0
593,98,5.0
593,808,3.0
593,120,4.5
593,121,4.0
593,640,2.0
593,12,3.0
593,22,1.0
593,153,2.0
593,58,1.0
593,36557,3.0
594,197,5.0
594,1572,4.5
594,280,5.0
594,954,5.0
594,238,4.0
594,562,5.0
594,348,4.0
594,607,4.5
594,857,4.0
594,603,5.0
594,745,4.0
594,98,4.5
595,629,5.0
596,629,3.5
596,11,4.0
596,13,3.5
596,78,4.0
596,280,3.0
596,238,3.5
596,562,4.0
596,679,3.5
596,348,4.0
596,240,3.0
596,603,4.0
596,745,4.0
596,550,4.0
596,497,3.5
596,98,3.0
596,955,2.5
596,9679,2.5
596,808,4.0
596,585,3.5
596,120,4.0
596,557,3.5
596,2501,3.5
596,121,3.5
596,640,3.0
596,604,3.0
596,12,4.0
596,22,3.0
596,24,3.5
596,38,3.5
596,652,2.5
596,2502,3.5
596,272,4.0
596,36557,3.0
596,1372,2.5
596,559,2.5
596,675,3.5
596,155,4.0
596,1726,3.5
596,4922,3.0
596,16869,3.0
596,767,3.5
596,19995,3.0
596,10528,3.5
596,11324,3.5
596,10138,3.0
596,27205,4.0
596,37799,3.0
596,12444,4.0
596,10195,3.5
596,12445,3.5
596,24428,3.5
596,49026,3.5
596,62177,4.0
596,37724,3.0
596,68721,4.0
596,76338,3.0
596,110415,4.5
596,157336,3.5
596,177572,4.0
596,131631,3.5
596,76341,5.0
596,140607,4.5
596,99861,3.0
596,102899,3.5
596,293660,4.0
596,284054,5.0
596,299536,4.0
596,283995,4.0
596,271110,3.5
596,284052,3.5
596,286217,4.0
596,263115,5.0
596,181808,3.5
597,807,4.0
597,629,5.0
597,197,5.0
597,11,5.0
597,13,5.0
597,78,4.0
597,280,5.0
597,954,4.0
597,627,5.0
597,238,5.0
597,562,4.0
597,500,4.0
597,679,5.0
597,348,5.0
597,240,5.0
597,600,5.0
597,207,5.0
597,607,3.0
597,4995,5.0
597,115,4.0
597,1366,5.0
597,857,5.0
597,117,5.0
597,2109,4.0
597,9535,3.0
597,745,5.0
597,14,5.0
598,808,1.0
598,2501,4.0
598,38,5.0
598,809,1.0
598,675,5.0
598,27205,5.0
598,262500,5.0
599,807,4.0
599,629,3.5
599,197,3.5
599,103,3.5
599,1572,3.0
599,11,5.0
599,101,5.0
599,680,5.0
599,278,4.0
599,13,3.5
599,1607,3.0
599,78,4.5
599,280,4.5
599,954,3.0
599,627,3.5
599,238,4.0
599,15,4.0
599,562,4.0
599,500,5.0
599,679,5.0
599,769,4.0
599,348,5.0
599,240,4.0
599,600,3.5
599,207,4.0
599,694,3.5
599,33,3.0
599,607,3.0
599,4995,4.0
599,115,5.0
599,1366,4.0
599,857,3.5
599,117,3.0
599,2109,3.0
599,9535,2.5
599,603,5.0
599,745,3.5
599,14,5.0
599,550,5.0
599,492,4.0
599,497,3.0
599,9532,1.5
599,98,3.5
599,808,2.5
599,5175,2.5
599,585,2.5
599,120,4.0
599,557,3.5
599,2501,3.0
599,121,3.0
599,640,3.0
599,423,4.0
599,598,3.0
599,604,3.0
599,22,2.5
599,153,5.0
599,24,5.0
599,1954,1.5
599,38,3.0
599,2502,3.0
599,272,3.0
599,58,2.5
599,1422,3.0
599,9693,4.0
599,36557,3.0
599,2062,3.0
599,1255,3.0
599,559,2.5
599,285,2.5
599,6479,2.5
599,155,3.5
599,1726,3.0
599,10764,2.5
599,16869,3.5
599,19995,2.5
599,10528,3.0
599,20504,2.5
599,10138,3.5
599,27205,3.0
599,37799,4.5
599,12444,3.0
599,10195,2.5
599,24428,3.0
599,49530,2.5
599,49026,3.0
599,70981,3.5
599,72105,2.0
599,37724,3.5
599,68721,3.0
599,76203,3.5
599,76338,2.5
599,110415,3.5
599,157336,3.5
599,240832,3.0
599,156022,3.0
599,194662,3.5
599,244786,3.0
599,210577,3.5
599,119450,3.0
599,198663,2.5
599,177572,2.0
599,171274,3.0
599,270303,3.5
599,76341,4.0
599,140607,3.5
599,99861,2.5
599,102899,2.5
599,293660,3.5
599,283995,3.0
599,271110,2.5
599,284052,2.5
599,286217,3.5
599,329865,3.0
599,263115,3.5
599,335984,3.5
600,807,4.0
600,197,2.0
600,1572,2.5
600,11,4.0
600,680,4.5
600,278,3.5
600,13,4.0
600,280,3.0
600,954,3.0
600,627,3.5
600,238,4.0
600,15,4.0
600,562,3.0
600,679,2.0
600,769,2.0
600,348,2.5
600,207,2.5
600,694,3.5
600,4995,3.5
600,115,3.5
600,1366,2.0
600,2109,1.0
600,603,3.0
600,745,3.5
600,14,4.5
600,550,4.5
600,492,4.5
600,497,3.0
600,9532,2.5
600,808,3.5
600,585,3.0
600,120,5.0
600,557,3.5
600,121,5.0
600,12,4.0
600,24,4.5
600,587,3.5
600,38,5.0
600,809,3.0
600,2502,0.5
600,272,2.5
600,58,4.0
600,9693,4.0
600,1372,1.0
600,285,4.0
600,155,3.5
601,807,4.0
601,629,5.0
601,278,5.0
601,238,5.0
601,240,4.5
601,857,5.0
601,603,5.0
601,745,4.5
601,550,5.0
601,98,4.5
601,808,4.0
601,585,5.0
601,120,5.0
601,121,5.0
601,640,4.5
601,598,4.0
601,12,5.0
601,38,4.5
601,272,4.5
601,1422,5.0
601,36557,4.0
601,2062,5.0
601,1726,5.0
601,16869,4.0
601,19995,4.0
601,11324,4.5
601,27205,5.0
601,37799,4.5
601,12444,4.5
601,24428,4.5
601,49026,4.5
601,62177,4.0
601,157336,5.0
601,210577,4.0
601,177572,4.5
601,205596,4.0
601,283995,4.0
601,335984,4.0
602,807,5.0
602,629,5.0
602,197,5.0
602,1572,5.0
602,11,5.0
602,101,3.0
602,680,5.0
602,278,5.0
602,13,3.0
602,1607,3.0
602,280,5.0
602,954,4.0
603,197,1.0
603,103,5.0
603,11,4.0
603,101,2.0
603,680,5.0
603,13,3.0
603,78,3.0
603,954,2.0
603,627,2.0
603,238,5.0
603,15,5.0
603,562,4.0
603,500,5.0
603,679,4.0
603,769,4.0
603,348,5.0
603,240,5.0
603,600,3.0
603,207,3.0
603,694,3.0
603,607,4.0
603,4995,5.0
603,115,5.0
603,1366,4.0
603,857,5.0
603,117,4.0
603,9535,4.0
603,603,5.0
603,745,5.0
603,14,5.0
603,550,4.0
603,492,5.0
603,497,4.0
603,98,4.0
603,955,3.0
604,197,3.0
604,103,4.0
604,1572,4.0
604,101,3.0
604,680,5.0
605,197,3.0
605,11,5.0
605,680,2.0
605,13,3.0
605,280,3.5
605,808,3.5
605,585,3.0
605,120,5.0
605,121,5.0
605,22,5.0
605,272,3.5
605,58,3.0
605,285,2.5
605,675,3.5
605,767,4.5
605,19995,3.5
606,807,3.0
606,629,4.5
606,197,3.5
606,103,3.5
606,11,4.5
606,101,4.5
606,680,5.0
606,278,3.5
606,13,4.0
606,78,5.0
606,280,3.5
606,954,2.5
606,627,4.0
606,238,4.0
606,500,5.0
606,679,3.5
606,348,4.0
606,240,4.0
606,600,4.0
606,207,4.0
606,694,4.5
606,607,2.5
606,115,4.5
606,1366,3.5
606,857,4.0
606,117,4.0
606,9535,3.0
606,603,5.0
606,745,4.0
606,14,4.5
606,550,5.0
606,492,5.0
606,497,3.5
606,98,3.5
606,808,4.0
606,585,4.0
606,120,4.5
606,557,4.0
606,2501,4.0
606,121,4.5
606,640,3.0
606,423,4.5
606,598,4.0
606,604,2.0
606,12,4.0
606,22,3.0
606,153,4.0
606,24,4.5
606,587,4.0
606,38,4.0
606,809,4.0
606,591,2.5
606,58,2.0
606,1422,3.5
606,1372,3.5
606,2062,4.0
606,559,2.0
606,285,2.0
606,675,3.5
606,6479,2.5
606,13223,4.5
606,767,4.0
606,19995,3.0
607,197,5.0
607,1572,4.0
607,11,3.0
607,680,3.0
607,278,5.0
607,280,4.0
607,238,4.0
607,562,5.0
607,769,4.0
607,348,3.0
607,694,5.0
607,607,3.0
607,1366,4.0
607,857,5.0
607,117,5.0
607,603,5.0
607,745,5.0
607,14,3.0
607,497,5.0
608,807,4.5
608,629,4.5
608,197,4.0
608,103,3.0
608,11,3.5
608,101,4.0
608,680,5.0
608,278,4.5
608,13,3.0
608,78,3.5
608,280,3.0
608,954,3.5
608,627,3.0
608,238,5.0
608,15,3.5
608,562,3.0
608,500,4.0
608,679,4.5
608,769,4.5
608,348,4.0
608,240,4.5
608,600,3.0
608,694,4.0
608,607,3.5
608,4995,3.5
608,115,4.0
608,1366,4.5
608,857,4.5
608,117,3.5
608,603,5.0
608,745,4.5
608,14,5.0
608,550,5.0
608,492,2.0
608,497,4.0
608,9532,3.0
608,98,4.0
608,955,3.5
608,9679,3.5
608,808,4.5
608,585,4.0
608,120,4.5
608,557,3.0
608,2501,4.5
608,121,4.5
608,640,4.0
608,598,3.0
608,604,5.0
608,12,4.0
608,22,4.0
608,24,4.0
608,587,4.0
608,1954,4.0
608,38,4.5
608,809,4.5
608,2502,4.0
608,561,5.0
609,197,3.0
609,680,4.0
609,278,4.0
609,13,4.0
609,280,3.0
610,807,5.0
610,629,4.0
610,197,4.5
610,103,5.0
610,11,5.0
610,101,5.0
610,680,5.0
610,278,3.0
610,13,3.0
610,78,5.0
610,280,5.0
610,627,5.0
610,238,5.0
610,15,4.0
610,562,5.0
610,500,5.0
610,679,5.0
610,769,5.0
610,348,4.5
610,240,5.0
610,600,4.5
610,694,5.0
610,115,4.5
610,857,5.0
610,2109,3.0
610,603,5.0
610,745,4.5
610,14,3.5
610,550,5.0
610,497,2.5
610,9532,3.0
610,98,5.0
610,955,3.0
610,9679,2.5
610,808,3.5
610,5175,3.0
610,585,4.0
610,120,5.0
610,557,4.5
610,2501,4.0
610,121,5.0
610,640,3.5
610,598,5.0
610,604,4.0
610,12,4.0
610,22,4.0
610,153,5.0
610,24,4.5
610,587,4.0
610,38,5.0
610,2502,4.5
610,561,3.5
610,272,4.0
610,254,3.5
610,58,3.5
610,1422,5.0
610,9693,5.0
610,36557,5.0
610,1372,3.0
610,2062,5.0
610,1255,5.0
610,559,3.5
610,285,3.5
610,1571,4.0
610,675,4.0
610,6479,4.0
610,155,4.5
610,1726,4.0
610,10764,3.5
610,16869,5.0
610,767,4.0
610,19995,4.5
610,10528,3.5
610,20504,3.5
610,11324,4.5
610,10138,3.5
610,27205,4.0
610,12444,5.0
610,10195,3.5
610,12445,4.5
610,24428,5.0
610,49026,4.5
610,70981,3.5
610,62177,3.5
610,72105,4.0
610,37724,4.0
610,77016,4.0
610,68721,5.0
610,72190,3.0
610,146233,4.0
610,76338,3.5
610,110415,5.0
610,157336,3.5
610,240832,3.0
610,156022,3.5
610,194662,5.0
610,85350,5.0
610,210577,4.0
610,119450,4.5
610,238636,3.0
610,76757,2.5
610,98566,2.5
610,198663,3.5
610,228150,4.0
610,242582,4.5
610,177572,4.0
610,171274,4.5
610,131631,4.0
610,100042,3.0
610,198184,3.5
610,260346,1.0
610,87101,2.5
610,270303,5.0
610,76341,5.0
610,140607,4.5
610,99861,4.0
610,102899,3.5
610,293660,3.0
610,271110,5.0
610,284052,3.5
610,158852,3.0
610,286217,3.5
610,271718,3.5
610,329865,5.0
610,263115,5.0
